Pipeline started: 2026-07-11 00:51:59

============================================================
[01]  /Library/Frameworks/Python.framework/Versions/3.14/bin/python3 -u /Users/arif/Desktop/RESEARCH/projects/sepsis_mimic4/01_explore_data.py
============================================================
[00:51:59] 01_explore_data              INFO   starting MIMIC-IV data exploration (project root: /Users/arif/Desktop/RESEARCH)
[00:51:59] 01_explore_data              INFO   file inventory ...
[00:51:59] 01_explore_data              INFO   file inventory done (0.0s)
[00:51:59] 01_explore_data              INFO   schemas + data structure profiles ...
[00:51:59] 01_explore_data              INFO   ── admissions: 500 rows × 16 cols (131.3 KB) ──
[00:51:59] 01_explore_data              INFO   ── d_hcpcs: 500 rows × 4 cols (24.4 KB) ──
[00:51:59] 01_explore_data              INFO   ── d_icd_diagnoses: 500 rows × 3 cols (58.2 KB) ──
[00:51:59] 01_explore_data              INFO   ── d_icd_procedures: 500 rows × 3 cols (48.2 KB) ──
[00:51:59] 01_explore_data              INFO   ── d_labitems: 500 rows × 4 cols (30.5 KB) ──
[00:51:59] 01_explore_data              INFO   ── diagnoses_icd: 500 rows × 5 cols (21.9 KB) ──
[00:51:59] 01_explore_data              INFO   ── drgcodes: 500 rows × 7 cols (49.3 KB) ──
[00:51:59] 01_explore_data              INFO   ── emar: 500 rows × 12 cols (99.4 KB) ──
[00:51:59] 01_explore_data              INFO   ── emar_detail: 500 rows × 33 cols (154.3 KB) ──
[00:51:59] 01_explore_data              INFO   ── hcpcsevents: 500 rows × 6 cols (43.5 KB) ──
[00:51:59] 01_explore_data              INFO   ── labevents: 500 rows × 16 cols (94.3 KB) ──
[00:51:59] 01_explore_data              INFO   ── microbiologyevents: 500 rows × 25 cols (180.1 KB) ──
[00:51:59] 01_explore_data              INFO   ── omr: 500 rows × 5 cols (33.1 KB) ──
[00:51:59] 01_explore_data              INFO   ── patients: 500 rows × 6 cols (30.1 KB) ──
[00:51:59] 01_explore_data              INFO   ── pharmacy: 500 rows × 27 cols (188.9 KB) ──
[00:51:59] 01_explore_data              INFO   ── poe: 500 rows × 12 cols (78.5 KB) ──
[00:51:59] 01_explore_data              INFO   ── poe_detail: 500 rows × 5 cols (37.9 KB) ──
[00:51:59] 01_explore_data              INFO   ── prescriptions: 500 rows × 21 cols (134.3 KB) ──
[00:51:59] 01_explore_data              INFO   ── procedures_icd: 500 rows × 6 cols (31.1 KB) ──
[00:51:59] 01_explore_data              INFO   ── provider: 500 rows × 1 cols (7.0 KB) ──
[00:51:59] 01_explore_data              INFO   ── services: 500 rows × 5 cols (30.9 KB) ──
[00:51:59] 01_explore_data              INFO   ── transfers: 500 rows × 7 cols (54.2 KB) ──
[00:51:59] 01_explore_data              INFO   ── caregiver: 500 rows × 1 cols (4.0 KB) ──
[00:51:59] 01_explore_data              INFO     COLUMN                       DTYPE        NULLS        SUMMARY
[00:51:59] 01_explore_data              INFO     caregiver_id                 int64        no nulls     min=3  med=1372  max=2928  uniq=500
[00:51:59] 01_explore_data              INFO   ── chartevents: 500 rows × 11 cols (67.4 KB) ──
[00:51:59] 01_explore_data              INFO   ── d_items: 500 rows × 9 cols (68.5 KB) ──
[00:51:59] 01_explore_data              INFO   ── datetimeevents: 500 rows × 10 cols (69.8 KB) ──
[00:51:59] 01_explore_data              INFO   ── icustays: 500 rows × 8 cols (83.0 KB) ──
[00:51:59] 01_explore_data              INFO   ── ingredientevents: 500 rows × 17 cols (104.7 KB) ──
[00:51:59] 01_explore_data              INFO   ── inputevents: 500 rows × 26 cols (170.5 KB) ──
[00:51:59] 01_explore_data              INFO   ── outputevents: 500 rows × 9 cols (54.8 KB) ──
[00:51:59] 01_explore_data              INFO   ── procedureevents: 500 rows × 22 cols (136.0 KB) ──
[00:51:59] 01_explore_data              INFO   schemas + data structure profiles done (0.1s)
[00:51:59] 01_explore_data              INFO   dictionary mining ...
[00:51:59] 01_explore_data              INFO   dictionary mining done (0.0s)
[00:51:59] 01_explore_data              INFO   sepsis ICD codes ...
[00:51:59] 01_explore_data              INFO   sepsis ICD codes done (0.1s)
[00:51:59] 01_explore_data              INFO   candidate itemid verification ...
[00:51:59] 01_explore_data              INFO   candidate itemid verification done (0.0s)
[00:51:59] 01_explore_data              INFO   cohort size preview ...
[00:52:00] 01_explore_data              INFO   cohort size preview done (0.2s)
[00:52:00] 01_explore_data              INFO   profile processed intermediates ...
[00:52:00] 01_explore_data              INFO   profile processed intermediates done (0.0s)
MIMIC-IV v3.1 - SEPSIS DATA EXPLORATION REPORT
project root: /Users/arif/Desktop/RESEARCH

==============================================================================
1. FILE INVENTORY
==============================================================================
             table status     size                                                                          path
        admissions     OK  19.0 MB         /Users/arif/Desktop/RESEARCH/data/mimic-iv-3.1/hosp/admissions.csv.gz
           d_hcpcs     OK 414.8 KB            /Users/arif/Desktop/RESEARCH/data/mimic-iv-3.1/hosp/d_hcpcs.csv.gz
   d_icd_diagnoses     OK 853.0 KB    /Users/arif/Desktop/RESEARCH/data/mimic-iv-3.1/hosp/d_icd_diagnoses.csv.gz
  d_icd_procedures     OK 572.8 KB   /Users/arif/Desktop/RESEARCH/data/mimic-iv-3.1/hosp/d_icd_procedures.csv.gz
        d_labitems     OK  12.9 KB         /Users/arif/Desktop/RESEARCH/data/mimic-iv-3.1/hosp/d_labitems.csv.gz
     diagnoses_icd     OK  32.0 MB      /Users/arif/Desktop/RESEARCH/data/mimic-iv-3.1/hosp/diagnoses_icd.csv.gz
          drgcodes     OK   9.3 MB           /Users/arif/Desktop/RESEARCH/data/mimic-iv-3.1/hosp/drgcodes.csv.gz
              emar     OK 773.6 MB               /Users/arif/Desktop/RESEARCH/data/mimic-iv-3.1/hosp/emar.csv.gz
       emar_detail     OK 713.1 MB        /Users/arif/Desktop/RESEARCH/data/mimic-iv-3.1/hosp/emar_detail.csv.gz
       hcpcsevents     OK   2.1 MB        /Users/arif/Desktop/RESEARCH/data/mimic-iv-3.1/hosp/hcpcsevents.csv.gz
         labevents     OK   2.4 GB          /Users/arif/Desktop/RESEARCH/data/mimic-iv-3.1/hosp/labevents.csv.gz
microbiologyevents     OK 111.7 MB /Users/arif/Desktop/RESEARCH/data/mimic-iv-3.1/hosp/microbiologyevents.csv.gz
               omr     OK  42.1 MB                /Users/arif/Desktop/RESEARCH/data/mimic-iv-3.1/hosp/omr.csv.gz
          patients     OK   2.7 MB           /Users/arif/Desktop/RESEARCH/data/mimic-iv-3.1/hosp/patients.csv.gz
          pharmacy     OK 501.6 MB           /Users/arif/Desktop/RESEARCH/data/mimic-iv-3.1/hosp/pharmacy.csv.gz
               poe     OK 635.5 MB                /Users/arif/Desktop/RESEARCH/data/mimic-iv-3.1/hosp/poe.csv.gz
        poe_detail     OK  52.7 MB         /Users/arif/Desktop/RESEARCH/data/mimic-iv-3.1/hosp/poe_detail.csv.gz
     prescriptions     OK 578.6 MB      /Users/arif/Desktop/RESEARCH/data/mimic-iv-3.1/hosp/prescriptions.csv.gz
    procedures_icd     OK   7.4 MB     /Users/arif/Desktop/RESEARCH/data/mimic-iv-3.1/hosp/procedures_icd.csv.gz
          provider     OK 124.3 KB           /Users/arif/Desktop/RESEARCH/data/mimic-iv-3.1/hosp/provider.csv.gz
          services     OK   8.2 MB           /Users/arif/Desktop/RESEARCH/data/mimic-iv-3.1/hosp/services.csv.gz
         transfers     OK  44.1 MB          /Users/arif/Desktop/RESEARCH/data/mimic-iv-3.1/hosp/transfers.csv.gz
         caregiver     OK  40.5 KB           /Users/arif/Desktop/RESEARCH/data/mimic-iv-3.1/icu/caregiver.csv.gz
       chartevents     OK   3.3 GB         /Users/arif/Desktop/RESEARCH/data/mimic-iv-3.1/icu/chartevents.csv.gz
           d_items     OK  57.4 KB             /Users/arif/Desktop/RESEARCH/data/mimic-iv-3.1/icu/d_items.csv.gz
    datetimeevents     OK  60.5 MB      /Users/arif/Desktop/RESEARCH/data/mimic-iv-3.1/icu/datetimeevents.csv.gz
          icustays     OK   3.2 MB            /Users/arif/Desktop/RESEARCH/data/mimic-iv-3.1/icu/icustays.csv.gz
  ingredientevents     OK 297.3 MB    /Users/arif/Desktop/RESEARCH/data/mimic-iv-3.1/icu/ingredientevents.csv.gz
       inputevents     OK 382.7 MB         /Users/arif/Desktop/RESEARCH/data/mimic-iv-3.1/icu/inputevents.csv.gz
      outputevents     OK  47.0 MB        /Users/arif/Desktop/RESEARCH/data/mimic-iv-3.1/icu/outputevents.csv.gz
   procedureevents     OK  23.0 MB     /Users/arif/Desktop/RESEARCH/data/mimic-iv-3.1/icu/procedureevents.csv.gz

==============================================================================
2. SCHEMAS + DATA STRUCTURE PROFILES
==============================================================================

--- admissions  (19.0 MB, gzip CSV) ---
columns (16): subject_id, hadm_id, admittime, dischtime, deathtime, admission_type, admit_provider_id, admission_location, discharge_location, insurance, language, marital_status, race, edregtime, edouttime, hospital_expire_flag
  (could not profile: Cannot interpret '<StringDtype(na_value=nan)>' as a data type)
  first 3 rows:
 subject_id  hadm_id           admittime           dischtime  deathtime admission_type admit_provider_id     admission_location discharge_location insurance language marital_status  race           edregtime           edouttime  hospital_expire_flag
   10000032 22595853 2180-05-06 22:23:00 2180-05-07 17:15:00        NaN         URGENT            P49AFC TRANSFER FROM HOSPITAL               HOME  Medicaid  English        WIDOWED WHITE 2180-05-06 19:17:00 2180-05-06 23:30:00                     0
   10000032 22841357 2180-06-26 18:27:00 2180-06-27 18:49:00        NaN       EW EMER.            P784FA         EMERGENCY ROOM               HOME  Medicaid  English        WIDOWED WHITE 2180-06-26 15:54:00 2180-06-26 21:31:00                     0
   10000032 25742920 2180-08-05 23:44:00 2180-08-07 17:50:00        NaN       EW EMER.            P19UTS         EMERGENCY ROOM            HOSPICE  Medicaid  English        WIDOWED WHITE 2180-08-05 20:58:00 2180-08-06 01:44:00                     0

--- d_hcpcs  (414.8 KB, gzip CSV) ---
columns (4): code, category, long_description, short_description
  (could not profile: Cannot interpret '<StringDtype(na_value=nan)>' as a data type)
  first 3 rows:
 code  category  long_description  short_description
00000       NaN               NaN       Invalid Code
0001F       2.0               NaN Composite measures
0002F       2.0               NaN Composite measures

--- d_icd_diagnoses  (853.0 KB, gzip CSV) ---
columns (3): icd_code, icd_version, long_title
  (could not profile: Cannot interpret '<StringDtype(na_value=nan)>' as a data type)
  first 3 rows:
 icd_code  icd_version                            long_title
       10            9        Cholera due to vibrio cholerae
       11            9 Cholera due to vibrio cholerae el tor
       19            9                  Cholera, unspecified

--- d_icd_procedures  (572.8 KB, gzip CSV) ---
columns (3): icd_code, icd_version, long_title
  (could not profile: Cannot interpret '<StringDtype(na_value=nan)>' as a data type)
  first 3 rows:
 icd_code  icd_version                                            long_title
        1            9    Therapeutic ultrasound of vessels of head and neck
        2            9                       Therapeutic ultrasound of heart
        3            9 Therapeutic ultrasound of peripheral vascular vessels

--- d_labitems  (12.9 KB, gzip CSV) ---
columns (4): itemid, label, fluid, category
  (could not profile: Cannot interpret '<StringDtype(na_value=nan)>' as a data type)
  first 3 rows:
 itemid                               label fluid  category
  50801          Alveolar-arterial Gradient Blood Blood Gas
  50802                         Base Excess Blood Blood Gas
  50803 Calculated Bicarbonate, Whole Blood Blood Blood Gas

--- diagnoses_icd  (32.0 MB, gzip CSV) ---
columns (5): subject_id, hadm_id, seq_num, icd_code, icd_version
  (could not profile: Cannot interpret '<StringDtype(na_value=nan)>' as a data type)
  first 3 rows:
 subject_id  hadm_id  seq_num  icd_code  icd_version
   10000032 22595853        1      5723            9
   10000032 22595853        2     78959            9
   10000032 22595853        3      5715            9

--- drgcodes  (9.3 MB, gzip CSV) ---
columns (7): subject_id, hadm_id, drg_type, drg_code, description, drg_severity, drg_mortality
  (could not profile: Cannot interpret '<StringDtype(na_value=nan)>' as a data type)
  first 3 rows:
 subject_id  hadm_id drg_type  drg_code                                        description  drg_severity  drg_mortality
   10000032 22595853      APR       283                       OTHER DISORDERS OF THE LIVER           2.0            2.0
   10000032 22595853     HCFA       442 DISORDERS OF LIVER EXCEPT MALIG,CIRR,ALC HEPA W CC           NaN            NaN
   10000032 22841357      APR       279 HEPATIC COMA AND OTHER MAJOR ACUTE LIVER DISORDERS           3.0            2.0

--- emar  (773.6 MB, gzip CSV) ---
columns (12): subject_id, hadm_id, emar_id, emar_seq, poe_id, pharmacy_id, enter_provider_id, charttime, medication, event_txt, scheduletime, storetime
  (could not profile: Cannot interpret '<StringDtype(na_value=nan)>' as a data type)
  first 3 rows:
 subject_id  hadm_id     emar_id  emar_seq      poe_id  pharmacy_id  enter_provider_id           charttime                  medication    event_txt        scheduletime           storetime
   10000032 22595853 10000032-10        10 10000032-32     86768272                NaN 2180-05-07 07:51:00                     Heparin Administered 2180-05-07 08:00:00 2180-05-07 07:56:00
   10000032 22595853 10000032-11        11 10000032-37     43092008                NaN 2180-05-07 07:51:00                 Raltegravir Administered 2180-05-07 08:00:00 2180-05-07 07:56:00
   10000032 22595853 10000032-12        12 10000032-27     30740602                NaN 2180-05-07 07:51:00 Sodium Chloride 0.9%  Flush      Flushed 2180-05-07 07:51:00 2180-05-07 07:56:00

--- emar_detail  (713.1 MB, gzip CSV) ---
columns (33): subject_id, emar_id, emar_seq, parent_field_ordinal, administration_type, pharmacy_id, barcode_type, reason_for_no_barcode, complete_dose_not_given, dose_due, dose_due_unit, dose_given, dose_given_unit, will_remainder_of_dose_be_given, product_amount_given, product_unit, product_code, product_description, product_description_other, prior_infusion_rate, infusion_rate, infusion_rate_adjustment, infusion_rate_adjustment_amount, infusion_rate_unit, route, infusion_complete, completion_interval, new_iv_bag_hung, continued_infusion_in_other_location, restart_interval, side, site, non_formulary_visual_verification
  (could not profile: Cannot interpret '<StringDtype(na_value=nan)>' as a data type)
  first 3 rows:
 subject_id      emar_id  emar_seq  parent_field_ordinal             administration_type  pharmacy_id barcode_type  reason_for_no_barcode complete_dose_not_given  dose_due dose_due_unit  dose_given dose_given_unit will_remainder_of_dose_be_given  product_amount_given product_unit product_code                      product_description  product_description_other  prior_infusion_rate  infusion_rate  infusion_rate_adjustment  infusion_rate_adjustment_amount  infusion_rate_unit  route  infusion_complete  completion_interval  new_iv_bag_hung  continued_infusion_in_other_location  restart_interval  side  site  non_formulary_visual_verification
   10000032  10000032-10        10                   1.1                             NaN   86768272.0           if                    NaN                     NaN       NaN           NaN      5000.0            UNIT                             NaN                   1.0           mL       HEPA5I Heparin Sodium 5000 Units / mL- 1mL Vial                        NaN                  NaN            NaN                       NaN                              NaN                 NaN    NaN                NaN                  NaN              NaN                                   NaN               NaN   NaN   NaN                                NaN
   10000032  10000032-10        10                   NaN Standard Maintenance Medication          NaN          NaN                    NaN                      No    5000.0          UNIT         NaN             NaN                              No                   NaN          NaN          NaN                                      NaN                        NaN                  NaN            NaN                       NaN                              NaN                 NaN    NaN                NaN                  NaN              NaN                                   NaN               NaN   NaN   NaN                                NaN
   10000032 10000032-100       100                   1.1                             NaN   37992677.0           if                    NaN                     NaN       NaN           NaN      5000.0            UNIT                             NaN                   1.0           mL       HEPA5I Heparin Sodium 5000 Units / mL- 1mL Vial                        NaN                  NaN            NaN                       NaN                              NaN                 NaN    NaN                NaN                  NaN              NaN                                   NaN               NaN   NaN   NaN                                NaN

--- hcpcsevents  (2.1 MB, gzip CSV) ---
columns (6): subject_id, hadm_id, chartdate, hcpcs_cd, seq_num, short_description
  (could not profile: Cannot interpret '<StringDtype(na_value=nan)>' as a data type)
  first 3 rows:
 subject_id  hadm_id  chartdate hcpcs_cd  seq_num             short_description
   10000068 25022803 2160-03-04    99218        1 Hospital observation services
   10000084 29888819 2160-12-28    G0378        1   Hospital observation per hr
   10000108 27250926 2163-09-27    99219        1 Hospital observation services

--- labevents  (2.4 GB, gzip CSV) ---
columns (16): labevent_id, subject_id, hadm_id, specimen_id, itemid, order_provider_id, charttime, storetime, value, valuenum, valueuom, ref_range_lower, ref_range_upper, flag, priority, comments
  (could not profile: Cannot interpret '<StringDtype(na_value=nan)>' as a data type)
  first 3 rows:
 labevent_id  subject_id  hadm_id  specimen_id  itemid order_provider_id           charttime           storetime value  valuenum valueuom  ref_range_lower  ref_range_upper  flag priority                                              comments
           1    10000032      NaN      2704548   50931            P69FQC 2180-03-23 11:51:00 2180-03-23 15:56:00   ___      95.0    mg/dL             70.0            100.0   NaN  ROUTINE IF FASTING, 70-100 NORMAL, >125 PROVISIONAL DIABETES.
           2    10000032      NaN     36092842   51071            P69FQC 2180-03-23 11:51:00 2180-03-23 16:00:00   NEG       NaN      NaN              NaN              NaN   NaN  ROUTINE                                                   NaN
           3    10000032      NaN     36092842   51074            P69FQC 2180-03-23 11:51:00 2180-03-23 16:00:00   NEG       NaN      NaN              NaN              NaN   NaN  ROUTINE                                                   NaN

--- microbiologyevents  (111.7 MB, gzip CSV) ---
columns (25): microevent_id, subject_id, hadm_id, micro_specimen_id, order_provider_id, chartdate, charttime, spec_itemid, spec_type_desc, test_seq, storedate, storetime, test_itemid, test_name, org_itemid, org_name, isolate_num, quantity, ab_itemid, ab_name, dilution_text, dilution_comparison, dilution_value, interpretation, comments
  (could not profile: Cannot interpret '<StringDtype(na_value=nan)>' as a data type)
  first 3 rows:
 microevent_id  subject_id  hadm_id  micro_specimen_id order_provider_id           chartdate           charttime  spec_itemid spec_type_desc  test_seq           storedate           storetime  test_itemid                test_name  org_itemid  org_name  isolate_num  quantity  ab_itemid  ab_name  dilution_text  dilution_comparison  dilution_value  interpretation                                                                                                                                                                                                                             comments
             1    10000032      NaN            1304715            P69FQC 2180-03-23 00:00:00 2180-03-23 11:51:00        70046     IMMUNOLOGY         1 2180-03-26 00:00:00 2180-03-26 10:54:00        90123           HCV VIRAL LOAD         NaN       NaN          NaN       NaN        NaN      NaN            NaN                  NaN             NaN             NaN                                                                                                                                                                                                                                  ___
             2    10000032      NaN            3342526            P69FQC 2180-03-23 00:00:00 2180-03-23 11:51:00        70093   Blood (Toxo)         1 2180-03-26 00:00:00 2180-03-26 10:17:00        90144  TOXOPLASMA IgG ANTIBODY         NaN       NaN          NaN       NaN        NaN      NaN            NaN                  NaN             NaN             NaN NEGATIVE FOR TOXOPLASMA IgG ANTIBODY BY EIA.  0.0 IU/ML.  Reference Range:  Negative < 4 IU/ml, Positive >= 8 IU/ml.  If acute infection is suspected request IgM antibody testing and/or  submit convalescent serum in 2-3 weeks.  
             3    10000032      NaN            3910370            P69FQC 2180-03-23 00:00:00 2180-03-23 11:51:00        70017 SEROLOGY/BLOOD         1 2180-03-24 00:00:00 2180-03-24 05:27:00        90248 RAPID PLASMA REAGIN TEST         NaN       NaN          NaN       NaN        NaN      NaN            NaN                  NaN             NaN             NaN                                                                                                                                                                                       NONREACTIVE.  Reference Range: Non-Reactive.  

--- omr  (42.1 MB, gzip CSV) ---
columns (5): subject_id, chartdate, seq_num, result_name, result_value
  (could not profile: Cannot interpret '<StringDtype(na_value=nan)>' as a data type)
  first 3 rows:
 subject_id  chartdate  seq_num    result_name result_value
   10000032 2180-04-27        1 Blood Pressure       110/65
   10000032 2180-04-27        1   Weight (Lbs)           94
   10000032 2180-05-07        1    BMI (kg/m2)         18.0

--- patients  (2.7 MB, gzip CSV) ---
columns (6): subject_id, gender, anchor_age, anchor_year, anchor_year_group, dod
  (could not profile: Cannot interpret '<StringDtype(na_value=nan)>' as a data type)
  first 3 rows:
 subject_id gender  anchor_age  anchor_year anchor_year_group        dod
   10000032      F          52         2180       2014 - 2016 2180-09-09
   10000048      F          23         2126       2008 - 2010        NaN
   10000058      F          33         2168       2020 - 2022        NaN

--- pharmacy  (501.6 MB, gzip CSV) ---
columns (27): subject_id, hadm_id, pharmacy_id, poe_id, starttime, stoptime, medication, proc_type, status, entertime, verifiedtime, route, frequency, disp_sched, infusion_type, sliding_scale, lockout_interval, basal_rate, one_hr_max, doses_per_24_hrs, duration, duration_interval, expiration_value, expiration_unit, expirationdate, dispensation, fill_quantity
  (could not profile: Cannot interpret '<StringDtype(na_value=nan)>' as a data type)
  first 3 rows:
 subject_id  hadm_id  pharmacy_id      poe_id           starttime            stoptime              medication proc_type                             status           entertime        verifiedtime route frequency   disp_sched  infusion_type  sliding_scale  lockout_interval  basal_rate  one_hr_max  doses_per_24_hrs  duration duration_interval  expiration_value expiration_unit  expirationdate dispensation  fill_quantity
   10000032 22595853     12775705 10000032-55 2180-05-08 08:00:00 2180-05-07 22:00:00              Furosemide Unit Dose Discontinued via patient discharge 2180-05-07 09:32:35 2180-05-07 09:32:35 PO/NG     DAILY           08            NaN            NaN               NaN         NaN         NaN                 1       NaN           Ongoing                36           Hours             NaN     Omnicell            NaN
   10000032 22595853     18415984 10000032-42 2180-05-07 02:00:00 2180-05-07 22:00:00 Ipratropium Bromide Neb Unit Dose Discontinued via patient discharge 2180-05-07 01:49:23 2180-05-07 01:49:23    IH       Q6H 2, 8, 14, 20            NaN            NaN               NaN         NaN         NaN                 4       NaN           Ongoing                36           Hours             NaN     Omnicell            NaN
   10000032 22595853     23637373 10000032-35 2180-05-07 01:00:00 2180-05-07 09:00:00              Furosemide Unit Dose   Inactive (Due to a change order) 2180-05-07 00:09:24 2180-05-07 00:09:24 PO/NG     DAILY           08            NaN            NaN               NaN         NaN         NaN                 1       NaN           Ongoing                36           Hours             NaN     Omnicell            NaN

--- poe  (635.5 MB, gzip CSV) ---
columns (12): poe_id, poe_seq, subject_id, hadm_id, ordertime, order_type, order_subtype, transaction_type, discontinue_of_poe_id, discontinued_by_poe_id, order_provider_id, order_status
  (could not profile: Cannot interpret '<StringDtype(na_value=nan)>' as a data type)
  first 3 rows:
      poe_id  poe_seq  subject_id  hadm_id           ordertime   order_type     order_subtype transaction_type  discontinue_of_poe_id  discontinued_by_poe_id order_provider_id order_status
10000032-100      100    10000032 22841357 2180-06-26 22:09:02  Medications               NaN              New                    NaN                     NaN            P992IN     Inactive
10000032-101      101    10000032 22841357 2180-06-26 22:09:02 General Care       Code status              New                    NaN                     NaN            P992IN     Inactive
10000032-102      102    10000032 22841357 2180-06-26 22:09:02    Nutrition Nutrition consult              New                    NaN                     NaN            P992IN     Inactive

--- poe_detail  (52.7 MB, gzip CSV) ---
columns (5): poe_id, poe_seq, subject_id, field_name, field_value
  (could not profile: Cannot interpret '<StringDtype(na_value=nan)>' as a data type)
  first 3 rows:
      poe_id  poe_seq  subject_id     field_name             field_value
10000032-101      101    10000032    Code status Resuscitate (Full code)
10000032-109      109    10000032 Admit category      Admit to inpatient
10000032-109      109    10000032       Admit to                Medicine

--- prescriptions  (578.6 MB, gzip CSV) ---
columns (21): subject_id, hadm_id, pharmacy_id, poe_id, poe_seq, order_provider_id, starttime, stoptime, drug_type, drug, formulary_drug_cd, gsn, ndc, prod_strength, form_rx, dose_val_rx, dose_unit_rx, form_val_disp, form_unit_disp, doses_per_24_hrs, route
  (could not profile: Cannot interpret '<StringDtype(na_value=nan)>' as a data type)
  first 3 rows:
 subject_id  hadm_id  pharmacy_id      poe_id  poe_seq order_provider_id           starttime            stoptime drug_type                    drug formulary_drug_cd   gsn         ndc prod_strength  form_rx  dose_val_rx dose_unit_rx  form_val_disp form_unit_disp  doses_per_24_hrs route
   10000032 22595853     12775705 10000032-55       55            P85UQ1 2180-05-08 08:00:00 2180-05-07 22:00:00      MAIN              Furosemide            FURO40  8209 51079007320   40mg Tablet      NaN           40           mg              1            TAB                 1 PO/NG
   10000032 22595853     18415984 10000032-42       42            P23SJA 2180-05-07 02:00:00 2180-05-07 22:00:00      MAIN Ipratropium Bromide Neb            IPRA2H 21700   487980125    2.5mL Vial      NaN            1          NEB              1           VIAL                 4    IH
   10000032 22595853     23637373 10000032-35       35            P23SJA 2180-05-07 01:00:00 2180-05-07 09:00:00      MAIN              Furosemide            FURO20  8208 51079007220   20mg Tablet      NaN           20           mg              1            TAB                 1 PO/NG

--- procedures_icd  (7.4 MB, gzip CSV) ---
columns (6): subject_id, hadm_id, seq_num, chartdate, icd_code, icd_version
  (could not profile: Cannot interpret '<StringDtype(na_value=nan)>' as a data type)
  first 3 rows:
 subject_id  hadm_id  seq_num  chartdate  icd_code  icd_version
   10000032 22595853        1 2180-05-07      5491            9
   10000032 22841357        1 2180-06-27      5491            9
   10000032 25742920        1 2180-08-06      5491            9

--- provider  (124.3 KB, gzip CSV) ---
columns (1): provider_id
  (could not profile: Cannot interpret '<StringDtype(na_value=nan)>' as a data type)
  first 3 rows:
provider_id
     P00019
     P0001J
     P0001P

--- services  (8.2 MB, gzip CSV) ---
columns (5): subject_id, hadm_id, transfertime, prev_service, curr_service
  (could not profile: Cannot interpret '<StringDtype(na_value=nan)>' as a data type)
  first 3 rows:
 subject_id  hadm_id        transfertime  prev_service curr_service
   10000032 22595853 2180-05-06 22:24:57           NaN          MED
   10000032 22841357 2180-06-26 18:28:08           NaN          MED
   10000032 25742920 2180-08-05 23:44:50           NaN          MED

--- transfers  (44.1 MB, gzip CSV) ---
columns (7): subject_id, hadm_id, transfer_id, eventtype, careunit, intime, outtime
  (could not profile: Cannot interpret '<StringDtype(na_value=nan)>' as a data type)
  first 3 rows:
 subject_id  hadm_id  transfer_id eventtype             careunit              intime             outtime
   10000032 22595853     33258284        ED Emergency Department 2180-05-06 19:17:00 2180-05-06 23:30:00
   10000032 22595853     35223874     admit           Transplant 2180-05-06 23:30:00 2180-05-07 17:21:27
   10000032 22595853     36904543 discharge              UNKNOWN 2180-05-07 17:21:27                 NaN

--- caregiver  (40.5 KB, gzip CSV) ---
columns (1): caregiver_id
  first 3 rows:
 caregiver_id
            3
            4
            6

--- chartevents  (3.3 GB, gzip CSV) ---
columns (11): subject_id, hadm_id, stay_id, caregiver_id, charttime, storetime, itemid, value, valuenum, valueuom, warning
  (could not profile: Cannot interpret '<StringDtype(na_value=nan)>' as a data type)
  first 3 rows:
 subject_id  hadm_id  stay_id  caregiver_id           charttime           storetime  itemid  value  valuenum valueuom  warning
   10000032 29079034 39553978         18704 2180-07-23 12:36:00 2180-07-23 14:45:00  226512   39.4      39.4       kg        0
   10000032 29079034 39553978         18704 2180-07-23 12:36:00 2180-07-23 14:45:00  226707   60.0      60.0     Inch        0
   10000032 29079034 39553978         18704 2180-07-23 12:36:00 2180-07-23 14:45:00  226730  152.0     152.0       cm        0

--- d_items  (57.4 KB, gzip CSV) ---
columns (9): itemid, label, abbreviation, linksto, category, unitname, param_type, lownormalvalue, highnormalvalue
  (could not profile: Cannot interpret '<StringDtype(na_value=nan)>' as a data type)
  first 3 rows:
 itemid              label       abbreviation        linksto            category unitname    param_type  lownormalvalue  highnormalvalue
 220001       Problem List       Problem List    chartevents             General      NaN          Text             NaN              NaN
 220003 ICU Admission date ICU Admission date datetimeevents                 ADT      NaN Date and time             NaN              NaN
 220045         Heart Rate                 HR    chartevents Routine Vital Signs      bpm       Numeric             NaN              NaN

--- datetimeevents  (60.5 MB, gzip CSV) ---
columns (10): subject_id, hadm_id, stay_id, caregiver_id, charttime, storetime, itemid, value, valueuom, warning
  (could not profile: Cannot interpret '<StringDtype(na_value=nan)>' as a data type)
  first 3 rows:
 subject_id  hadm_id  stay_id  caregiver_id           charttime           storetime  itemid               value valueuom  warning
   10000032 29079034 39553978         18704 2180-07-23 14:24:00 2180-07-23 14:24:00  225754 2180-07-23 14:24:00     Date        0
   10000032 29079034 39553978         18704 2180-07-23 14:24:00 2180-07-23 14:24:00  225755 2180-07-23 14:24:00     Date        0
   10000032 29079034 39553978         20925 2180-07-23 21:02:00 2180-07-23 21:02:00  225754 2180-07-23 00:00:00     Date        0

--- icustays  (3.2 MB, gzip CSV) ---
columns (8): subject_id, hadm_id, stay_id, first_careunit, last_careunit, intime, outtime, los
  (could not profile: Cannot interpret '<StringDtype(na_value=nan)>' as a data type)
  first 3 rows:
 subject_id  hadm_id  stay_id                     first_careunit                      last_careunit              intime             outtime      los
   10000032 29079034 39553978 Medical Intensive Care Unit (MICU) Medical Intensive Care Unit (MICU) 2180-07-23 14:00:00 2180-07-23 23:50:47 0.410266
   10000690 25860671 37081114 Medical Intensive Care Unit (MICU) Medical Intensive Care Unit (MICU) 2150-11-02 19:37:00 2150-11-06 17:03:17 3.893252
   10000980 26913865 39765666 Medical Intensive Care Unit (MICU) Medical Intensive Care Unit (MICU) 2189-06-27 08:42:00 2189-06-27 20:38:27 0.497535

--- ingredientevents  (297.3 MB, gzip CSV) ---
columns (17): subject_id, hadm_id, stay_id, caregiver_id, starttime, endtime, storetime, itemid, amount, amountuom, rate, rateuom, orderid, linkorderid, statusdescription, originalamount, originalrate
  (could not profile: Cannot interpret '<StringDtype(na_value=nan)>' as a data type)
  first 3 rows:
 subject_id  hadm_id  stay_id  caregiver_id           starttime             endtime           storetime  itemid     amount amountuom  rate rateuom  orderid  linkorderid statusdescription  originalamount  originalrate
   10000032 29079034 39553978         18704 2180-07-23 17:00:00 2180-07-23 17:01:00 2180-07-23 18:56:00  220490 200.000000        mL   NaN     NaN  3782233      3782233   FinishedRunning               0           200
   10000032 29079034 39553978         18704 2180-07-23 17:00:00 2180-07-23 17:01:00 2180-07-23 18:56:00  227075 200.000000        mL   NaN     NaN  3782233      3782233   FinishedRunning               0           200
   10000032 29079034 39553978         18704 2180-07-23 17:00:00 2180-07-23 17:30:00 2180-07-23 17:02:00  220490  49.999999        mL 100.0 mL/hour  9796595      9796595   FinishedRunning               0            50

--- inputevents  (382.7 MB, gzip CSV) ---
columns (26): subject_id, hadm_id, stay_id, caregiver_id, starttime, endtime, storetime, itemid, amount, amountuom, rate, rateuom, orderid, linkorderid, ordercategoryname, secondaryordercategoryname, ordercomponenttypedescription, ordercategorydescription, patientweight, totalamount, totalamountuom, isopenbag, continueinnextdept, statusdescription, originalamount, originalrate
  (could not profile: Cannot interpret '<StringDtype(na_value=nan)>' as a data type)
  first 3 rows:
 subject_id  hadm_id  stay_id  caregiver_id           starttime             endtime           storetime  itemid     amount amountuom  rate rateuom  orderid  linkorderid      ordercategoryname  secondaryordercategoryname ordercomponenttypedescription ordercategorydescription  patientweight  totalamount totalamountuom  isopenbag  continueinnextdept statusdescription  originalamount  originalrate
   10000032 29079034 39553978         18704 2180-07-23 17:00:00 2180-07-23 17:01:00 2180-07-23 18:56:00  226452 200.000000        mL   NaN     NaN  3782233      3782233 14-Oral/Gastric Intake                         NaN          Main order parameter                    Bolus           39.4          200             mL          0                   0   FinishedRunning             200           200
   10000032 29079034 39553978         18704 2180-07-23 17:00:00 2180-07-23 17:30:00 2180-07-23 17:02:00  220862  49.999999        mL 100.0 mL/hour  9796595      9796595   04-Fluids (Colloids)                         NaN          Main order parameter            Continuous IV           39.4           50             mL          0                   0   FinishedRunning              50           100
   10000032 29079034 39553978         18704 2180-07-23 17:33:00 2180-07-23 18:03:00 2180-07-23 18:16:00  220862  49.999999        mL 100.0 mL/hour  6689854      6689854   04-Fluids (Colloids)                         NaN          Main order parameter            Continuous IV           39.4           50             mL          0                   0   FinishedRunning              50           100

--- outputevents  (47.0 MB, gzip CSV) ---
columns (9): subject_id, hadm_id, stay_id, caregiver_id, charttime, storetime, itemid, value, valueuom
  (could not profile: Cannot interpret '<StringDtype(na_value=nan)>' as a data type)
  first 3 rows:
 subject_id  hadm_id  stay_id  caregiver_id           charttime           storetime  itemid  value valueuom
   10000032 29079034 39553978         18704 2180-07-23 15:00:00 2180-07-23 16:00:00  226560    175       mL
   10000690 25860671 37081114          8787 2150-11-06 08:00:00 2150-11-06 09:08:00  226559     15       mL
   10000690 25860671 37081114          8787 2150-11-06 09:00:00 2150-11-06 09:08:00  226559     15       mL

--- procedureevents  (23.0 MB, gzip CSV) ---
columns (22): subject_id, hadm_id, stay_id, caregiver_id, starttime, endtime, storetime, itemid, value, valueuom, location, locationcategory, orderid, linkorderid, ordercategoryname, ordercategorydescription, patientweight, isopenbag, continueinnextdept, statusdescription, originalamount, originalrate
  (could not profile: Cannot interpret '<StringDtype(na_value=nan)>' as a data type)
  first 3 rows:
 subject_id  hadm_id  stay_id  caregiver_id           starttime             endtime               storetime  itemid  value valueuom  location  locationcategory  orderid  linkorderid ordercategoryname ordercategorydescription  patientweight  isopenbag  continueinnextdept statusdescription  originalamount  originalrate
   10000032 29079034 39553978       18704.0 2180-07-23 14:43:00 2180-07-23 14:44:00     2180-07-23 14:43:00  225966      1      NaN       NaN               NaN  3050203      3050203        Procedures                     Task           39.4          0                   0   FinishedRunning               1             0
   10000032 29079034 39553978           NaN 2180-07-23 14:24:00 2180-07-23 23:50:00 2180-07-23 23:50:49.983  224275    566      min       NaN               NaN   769190       769190  Peripheral Lines        ContinuousProcess           39.4          1                   0   FinishedRunning             566             1
   10000032 29079034 39553978           NaN 2180-07-23 14:24:00 2180-07-23 23:50:00 2180-07-23 23:50:49.983  224277    566      min       NaN               NaN  2668055      2668055  Peripheral Lines        ContinuousProcess           39.4          1                   0   FinishedRunning             566             1

==============================================================================
3. DICTIONARY MINING (sepsis-relevant itemids)
==============================================================================

d_items has 4,095 entries. linksto values: ['chartevents', 'datetimeevents', 'ingredientevents', 'inputevents', 'outputevents', 'procedureevents']

[d_items] blood pressure:
 itemid                                    label                      abbreviation         linksto                category unitname
 220050         Arterial Blood Pressure systolic                              ABPs     chartevents     Routine Vital Signs     mmHg
 220051        Arterial Blood Pressure diastolic                              ABPd     chartevents     Routine Vital Signs     mmHg
 220052             Arterial Blood Pressure mean                              ABPm     chartevents     Routine Vital Signs     mmHg
 220056      Arterial Blood Pressure Alarm - Low                   ABP Alarm - Low     chartevents                  Alarms     mmHg
 220058     Arterial Blood Pressure Alarm - High                  ABP Alarm - High     chartevents                  Alarms     mmHg
 220179     Non Invasive Blood Pressure systolic                              NBPs     chartevents     Routine Vital Signs     mmHg
 220180    Non Invasive Blood Pressure diastolic                              NBPd     chartevents     Routine Vital Signs     mmHg
 220181         Non Invasive Blood Pressure mean                              NBPm     chartevents     Routine Vital Signs     mmHg
 223751 Non-Invasive Blood Pressure Alarm - High                  NBP Alarm - High     chartevents                  Alarms     mmHg
 223752  Non-Invasive Blood Pressure Alarm - Low                   NBP Alarm - Low     chartevents                  Alarms     mmHg
 224167      Manual Blood Pressure Systolic Left                      Manual BPs L     chartevents     Routine Vital Signs     mmHg
 224272                                IABP line                         IABP line procedureevents Access Lines - Invasive      NaN
 224322                                IABP Mean                    MAP - Assisted     chartevents                    IABP     mmHg
 224643     Manual Blood Pressure Diastolic Left                      Manual BPd L     chartevents     Routine Vital Signs     mmHg
 225335                          IABP Cap Change                   IABP Cap Change  datetimeevents Access Lines - Invasive      NaN
 225336               IABP Change over Wire Date        IABP Change over Wire Date  datetimeevents Access Lines - Invasive      NaN
 225337                     IABP Dressing Change              IABP Dressing Change  datetimeevents Access Lines - Invasive      NaN
 225338                      IABP Insertion Date               IABP Insertion Date  datetimeevents Access Lines - Invasive      NaN
 225339                         IABP Site Appear                  IABP Site Appear     chartevents Access Lines - Invasive      NaN
 225340                       IABP Tubing Change                IABP Tubing Change  datetimeevents Access Lines - Invasive      NaN
 225341                IABP Art. Waveform Appear         IABP Art. Waveform Appear     chartevents Access Lines - Invasive      NaN
 225342                      IABP Zero/Calibrate               IABP Zero/Calibrate     chartevents Access Lines - Invasive      NaN
 225727                   IABP Line Tip Cultured            IABP Line Tip Cultured     chartevents Access Lines - Invasive      NaN
 225742                   IABP Line Discontinued            IABP Line Discontinued     chartevents Access Lines - Invasive      NaN
 225778                       IABP Dressing Type                IABP Dressing Type     chartevents Access Lines - Invasive      NaN
 225979                                IABP Size                         IABP Size     chartevents Access Lines - Invasive      NaN
 225980                              IABP Volume                       IABP Volume     chartevents Access Lines - Invasive       mL
 225981                    IABP Alarms Activated             IABP Alarms Activated     chartevents Access Lines - Invasive      NaN
 225982                    IABP Balloon Waveform             IABP Balloon Waveform     chartevents Access Lines - Invasive      NaN
 225984                             IABP Trigger                      IABP Trigger     chartevents Access Lines - Invasive      NaN
 225985                       IABP Helium Tubing                IABP Helium Tubing     chartevents Access Lines - Invasive      NaN
 225986            IABP Arterial Waveform Source     IABP Arterial Waveform Source     chartevents Access Lines - Invasive      NaN
 225987                        IABP Power Source                 IABP Power Source     chartevents Access Lines - Invasive      NaN
 225988                     IABP Position on leg              IABP Position on leg     chartevents Access Lines - Invasive      NaN
 226110          IABP placed in outside facility   IABP placed in outside facility     chartevents Access Lines - Invasive      NaN
 227239                         ABP Alarm Source                  ABP Alarm Source     chartevents                  Alarms      NaN
 227240                         NBP Alarm Source                  NBP Alarm Source     chartevents                  Alarms      NaN
 227242    Manual Blood Pressure Diastolic Right                      Manual BPd R     chartevents     Routine Vital Signs     mmHg
 227243     Manual Blood Pressure Systolic Right                      Manual BPs R     chartevents     Routine Vital Signs     mmHg
 227355                  IABP Dressing Occlusive           IABP Dressing Occlusive     chartevents Access Lines - Invasive      NaN
 227537          ART Blood Pressure Alarm - High               ART BP Alarm - High     chartevents                  Alarms     mmHg
 227538           ART Blood Pressure Alarm - Low                ART BP Alarm - Low     chartevents                  Alarms     mmHg
 227539          ART Blood Pressure Alarm Source               ART BP Alarm Source     chartevents                  Alarms      NaN
 227754        IABP Placement Confirmed by X-ray IABP Placement Confirmed by X-ray     chartevents Access Lines - Invasive      NaN
 228866                  Plateau Pressure (IABP)           Plateau Pressure (IABP)     chartevents                    IABP     mmHg

[d_items] heart rate:
 itemid                   label    abbreviation     linksto            category unitname
 220045              Heart Rate              HR chartevents Routine Vital Signs      bpm
 220046 Heart rate Alarm - High HR Alarm - High chartevents              Alarms      bpm
 220047  Heart Rate Alarm - Low  HR Alarm - Low chartevents              Alarms      bpm

[d_items] respiration:
 itemid                                       label                                abbreviation     linksto               category      unitname
 220210                            Respiratory Rate                                          RR chartevents            Respiratory      insp/min
 220227                      Arterial O2 Saturation                                        SaO2 chartevents                   Labs             %
 220277                 O2 saturation pulseoxymetry                                        SpO2 chartevents            Respiratory             %
 223769    O2 Saturation Pulseoxymetry Alarm - High                           SpO2 Alarm - High chartevents                 Alarms             %
 223770     O2 Saturation Pulseoxymetry Alarm - Low                            SpO2 Alarm - Low chartevents                 Alarms             %
 223835                        Inspired O2 Fraction                                        FiO2 chartevents            Respiratory           NaN
 224688                      Respiratory Rate (Set)                      Respiratory Rate (Set) chartevents            Respiratory      insp/min
 224689              Respiratory Rate (spontaneous)              Respiratory Rate (spontaneous) chartevents            Respiratory      insp/min
 224690                    Respiratory Rate (Total)                    Respiratory Rate (Total) chartevents            Respiratory      insp/min
 226253                            SpO2 Desat Limit                            SpO2 Desat Limit chartevents                 Alarms             %
 226754                           FiO2ApacheIIValue                           FiO2ApacheIIValue chartevents     Scores - APACHE II             %
 226860                 RA %O2 Saturation (PA Line)                 RA %O2 Saturation (PA Line) chartevents      PA Line Insertion             %
 226861                ART %O2 saturation (PA Line)                ART %O2 saturation (PA Line) chartevents      PA Line Insertion             %
 226862                 PA %O2 Saturation (PA Line)                 PA %O2 Saturation (PA Line) chartevents      PA Line Insertion             %
 226863                PVR %O2 Saturation (PA Line)                PVR %O2 Saturation (PA Line) chartevents      PA Line Insertion dynes*sec/cm5
 226865                SVR %O2 Saturation (PA Line)                SVR %O2 Saturation (PA Line) chartevents      PA Line Insertion dynes*sec/cm5
 227009                           FiO2_ApacheIV_old                           FiO2_ApacheIV_old chartevents Scores - APACHE IV (2)           NaN
 227010                               FiO2_ApacheIV                               FiO2_ApacheIV chartevents Scores - APACHE IV (2)             %
 227861              Rest O2 Sat - Aerobic Capacity              Rest O2 Sat - Aerobic Capacity chartevents               OT Notes             %
 227867          Activity O2 Sat - Aerobic Capacity          Activity O2 Sat - Aerobic Capacity chartevents               OT Notes             %
 227873          Recovery O2 Sat - Aerobic Capacity          Recovery O2 Sat - Aerobic Capacity chartevents               OT Notes             %
 227919     Rest O2 Sat - Aerobic Activity Response     Rest O2 Sat - Aerobic Activity Response chartevents               OT Notes             %
 227926 Activity O2 sat - Aerobic Activity Response Activity O2 sat - Aerobic Activity Response chartevents               OT Notes             %
 227933 Recovery O2 sat - Aerobic Activity Response Recovery O2 sat - Aerobic Activity Response chartevents               OT Notes             %
 229238                              FiO2 Challenge                              FiO2 Challenge chartevents           Hemodynamics           NaN
 229239                       FiO2 Challenge Result                       FiO2 Challenge Result chartevents           Hemodynamics           NaN
 229280                                 FiO2 (ECMO)                                 FiO2 (ECMO) chartevents                   ECMO             %
 229841                                   FiO2 (CH)                                   FiO2 (CH) chartevents                   ECMO             %
 229862               Forehead SpO2 Sensor in Place               Forehead SpO2 Sensor in Place chartevents    Routine Vital Signs           NaN

[d_items] temperature:
 itemid                       label                abbreviation     linksto               category unitname
 223761      Temperature Fahrenheit               Temperature F chartevents    Routine Vital Signs       °F
 223762         Temperature Celsius               Temperature C chartevents    Routine Vital Signs       °C
 224027            Skin Temperature                   Skin Temp chartevents      Skin - Assessment      NaN
 224642            Temperature Site                   Temp Site chartevents    Routine Vital Signs      NaN
 224674      Changes in Temperature      Changes in Temperature chartevents             Toxicology      NaN
 226329   Blood Temperature CCO (C)          Blood Temp CCO (C) chartevents    Routine Vital Signs       °C
 227054       TemperatureF_ApacheIV       TemperatureF_ApacheIV chartevents Scores - APACHE IV (2)       °F
 228242 Pt. Temperature (BG) (SOFT) Pt. Temperature (BG) (SOFT) chartevents                   Labs      NaN
 229236    Cerebral Temperature (C)              Cerebral T (C) chartevents           Hemodynamics       °C

[d_items] gcs:
 itemid                              label                       abbreviation     linksto               category unitname
 220739                  GCS - Eye Opening                        Eye Opening chartevents           Neurological      NaN
 223900              GCS - Verbal Response                    Verbal Response chartevents           Neurological      NaN
 223901               GCS - Motor Response                     Motor Response chartevents           Neurological      NaN
 226755                   GcsApacheIIScore                   GcsApacheIIScore chartevents     Scores - APACHE II      NaN
 226756                GCSEyeApacheIIValue                GCSEyeApacheIIValue chartevents     Scores - APACHE II      NaN
 226757              GCSMotorApacheIIValue              GCSMotorApacheIIValue chartevents     Scores - APACHE II      NaN
 226758             GCSVerbalApacheIIValue             GCSVerbalApacheIIValue chartevents     Scores - APACHE II      NaN
 227011                    GCSEye_ApacheIV                    GCSEye_ApacheIV chartevents Scores - APACHE IV (2)      NaN
 227012                  GCSMotor_ApacheIV                  GCSMotor_ApacheIV chartevents Scores - APACHE IV (2)      NaN
 227013                  GcsScore_ApacheIV                  GcsScore_ApacheIV chartevents Scores - APACHE IV (2)      NaN
 227014                 GCSVerbal_ApacheIV                 GCSVerbal_ApacheIV chartevents Scores - APACHE IV (2)      NaN
 228112 GCSVerbalApacheIIValue (intubated) GCSVerbalApacheIIValue (intubated) chartevents     Scores - APACHE II      NaN

[d_items] weight/height:
 itemid                                                      label                                       abbreviation     linksto           category unitname
 224639                                               Daily Weight                                       Daily Weight chartevents            General       kg
 225124                         Unintentional weight loss >10 lbs.                 Unintentional weight loss >10 lbs. chartevents   Adm History/FHPA      NaN
 226512                                      Admission Weight (Kg)                              Admission Weight (Kg) chartevents            General       kg
 226531                                    Admission Weight (lbs.)                            Admission Weight (lbs.) chartevents            General      NaN
 226707                                                     Height                                             Height chartevents            General     Inch
 226730                                                Height (cm)                                        Height (cm) chartevents            General       cm
 226740            APACHE II Diagnosistic weight factors - Medical               Diagnostic weight category - Medical chartevents Scores - APACHE II      NaN
 226741 APACHE II Diagnosistic weight factors - Surgical emergency Diagnosistic weight categories - Surgical emergenc chartevents Scores - APACHE II      NaN
 226742           APACHE II Diagnosistic weight factors - Surgical          Diagnosistic weight categories - Surgical chartevents Scores - APACHE II      NaN
 226846                                             Feeding Weight                                     Feeding Weight chartevents            General       kg
 227854                                      Weight Bearing Status                              Weight Bearing Status chartevents           OT Notes      NaN

[d_items] lactate:
 itemid                              label                       abbreviation          linksto                           category unitname
 220948                     Lactate (ingr)                     Lactate (ingr) ingredientevents Ingredients - general (Not In Use)       mg
 220955                    Ringers Lactate                    Ringers Lactate      inputevents        Fluids - Other (Not In Use)       mL
 220967      Dextrose 5% / Ringers Lactate      Dextrose 5% / Ringers Lactate      inputevents        Fluids - Other (Not In Use)       mL
 220968     Dextrose 10% / Ringers Lactate     Dextrose 10% / Ringers Lactate      inputevents        Fluids - Other (Not In Use)       mL
 220980 Hextend (Hetastarch 6% in Lactate) Hextend (Hetastarch 6% in Lactate)      inputevents        Fluids - Other (Not In Use)       mL

[d_items] renal:
 itemid                        label                 abbreviation          linksto                           category unitname
 220473                      Taurine                      Taurine ingredientevents Ingredients - general (Not In Use)       mg
 220615           Creatinine (serum)           Creatinine (serum)      chartevents                               Labs      NaN
 220799    ZSpecific Gravity (urine)    ZSpecific gravity (urine)      chartevents                               Labs      NaN
 224015                 Urine Source                 Urine Source      chartevents                              GI/GU      NaN
 224016                  Urine Color                  Urine Color      chartevents                              GI/GU      NaN
 224876             Urine Appearance             Urine Appearance      chartevents                              GI/GU      NaN
 225454                Urine Culture                Urine Culture  procedureevents                         6-Cultures      NaN
 225624                          BUN                          BUN      chartevents                               Labs      NaN
 226566    Urine and GU Irrigant Out    Urine and GU Irrigant Out     outputevents                             Output       mL
 226627                     OR Urine                     OR Urine     outputevents                             Output       mL
 226631                   PACU Urine                   PACU Urine     outputevents                             Output       mL
 226751      CreatinineApacheIIScore      CreatinineApacheIIScore      chartevents                 Scores - APACHE II      NaN
 226752      CreatinineApacheIIValue      CreatinineApacheIIValue      chartevents                 Scores - APACHE II      NaN
 227000                 BUN_ApacheIV                 BUN_ApacheIV      chartevents             Scores - APACHE IV (2)      NaN
 227001            BunScore_ApacheIV            BunScore_ApacheIV      chartevents             Scores - APACHE IV (2)      NaN
 227005          Creatinine_ApacheIV          Creatinine_ApacheIV      chartevents             Scores - APACHE IV (2)      NaN
 227059          UrineScore_ApacheIV          UrineScore_ApacheIV      chartevents             Scores - APACHE IV (2)      NaN
 227471     Specific Gravity (urine)     Specific Gravity (urine)      chartevents                               Labs      NaN
 227489 GU Irrigant/Urine Volume Out GU Irrigant/Urine Volume Out     outputevents                             Output       mL
 227519        Urine output_ApacheIV                 Urine output      chartevents             Scores - APACHE IV (2)      NaN
 229761     Creatinine (whole blood)     Creatinine (whole blood)      chartevents                               Labs      NaN

[d_items] liver:
 itemid              label       abbreviation     linksto               category unitname
 225651   Direct Bilirubin   Direct Bilirubin chartevents                   Labs      NaN
 225690    Total Bilirubin    Total Bilirubin chartevents                   Labs      NaN
 226998 Bilirubin_ApacheIV Bilirubin_ApacheIV chartevents Scores - APACHE IV (2)      NaN

[d_items] coagulation:
 itemid                                       label                                       abbreviation     linksto                category unitname
 220561                                        ZINR                                               ZINR chartevents                    Labs      NaN
 224101                                Chest PT R/L                                       Chest PT R/L chartevents              Treatments      NaN
 224114                       PT Splint Location #1                              PT Splint Location #1 chartevents              Treatments      NaN
 224455                       PT Splint Location #4                              PT Splint Location #4 chartevents              Treatments      NaN
 224456                       PT Splint Location #2                              PT Splint Location #2 chartevents              Treatments      NaN
 224457                       PT Splint Location #3                              PT Splint Location #3 chartevents              Treatments      NaN
 225170                                   Platelets                                          Platelets inputevents Blood Products/Colloids       mL
 225180                         PT Splint Status #1                                PT Splint Status #1 chartevents              Treatments      NaN
 225182                         PT Splint Status #2                                PT Splint Status #2 chartevents              Treatments      NaN
 225194                         PT Splint Status #3                                PT Splint Status #3 chartevents              Treatments      NaN
 225196                         PT Splint Status #4                                PT Splint Status #4 chartevents              Treatments      NaN
 225678                             ZPlatelet Count                                    ZPlatelet Count chartevents                    Labs      NaN
 226369                          OR Platelet Intake                                 OR Platelet Intake inputevents Blood Products/Colloids       mL
 227071                        PACU Platelet Intake                               PACU Platelet Intake inputevents Blood Products/Colloids       mL
 227457                              Platelet Count                                     Platelet Count chartevents                    Labs      NaN
 227467                                         INR                                                INR chartevents                    Labs      NaN
 228260                           FM Pt Preferences                                  FM Pt Preferences chartevents         Family Mtg Note      NaN
 228277                               FM Pt present                                      FM Pt present chartevents         Family Mtg Note      NaN
 228871 HM II- Backup Cont in room with pt settings HM II- Backup Cont in room with pt settings_201904 chartevents            Hemodynamics      NaN
 229894                 NPT 30 mattress pump in use                        NPT 30 mattress pump in use chartevents              Treatments      NaN

[d_items] blood gas:
 itemid                                                           label                                   abbreviation          linksto                           category         unitname
 220274                                                     PH (Venous)                                    PH (Venous)      chartevents                               Labs              NaN
 220446                                                   Phenylalanine                                  Phenylalanine ingredientevents Ingredients - general (Not In Use)               mg
 220447                                                    Philoquinone                                         Vit K1 ingredientevents Ingredients - general (Not In Use)               mg
 220448                                                      Phosphorus                                              P ingredientevents Ingredients - general (Not In Use)               mg
 220479                                                     Thryptophan                                    Thryptophan ingredientevents Ingredients - general (Not In Use)               mg
 220483                                                      Tocopherol                                          Vit E ingredientevents Ingredients - general (Not In Use)               mg
 220734                                                   PH (dipstick)                                  PH (dipstick)      chartevents                               Labs              NaN
 220994                                              Bicarbonate (ingr)                                          ZHCO3 ingredientevents Ingredients - general (Not In Use)               mg
 220995                                         Sodium Bicarbonate 8.4%                        Sodium Bicarbonate 8.4%      inputevents                        Medications              mEq
 221211                                         Sodium Bicarbonate 1,4%                                     NaBic 1,4%      inputevents        Fluids - Other (Not In Use)               mL
 221255                                           Trans Esophageal Echo                                            TEE  procedureevents                          5-Imaging              NaN
 221289                                                     Epinephrine                                    Epinephrine      inputevents                        Medications               mg
 221342                                                   Aminophylline                                  Aminophylline      inputevents                        Medications               mg
 221343                                                 Theophylline_DI                                Theophylline_DI ingredientevents Ingredients - general (Not In Use)               mg
 221749                                                   Phenylephrine                                  Phenylephrine      inputevents                        Medications               mg
 221833                                        Hydromorphone (Dilaudid)                       Hydromorphone (Dilaudid)      inputevents                        Medications               mg
 221906                                                  Norepinephrine                                 Norepinephrine      inputevents                        Medications               mg
 223259                                                   Insulin - NPH                                  Insulin - NPH      inputevents                        Medications            units
 223830                                                   PH (Arterial)                                  PH (Arterial)      chartevents                               Labs              NaN
 223871                                                          Physio                                         Physio      chartevents                        Respiratory              NaN
 224828                                            Arterial Base Excess                           Arterial Base Excess      chartevents                               Labs              NaN
 225076 Emotional / physical / sexual harm by partner or close relation             Emotional / physical / sexual harm      chartevents                   Adm History/FHPA              NaN
 225154                                                Morphine Sulfate                               Morphine Sulfate      inputevents                        Medications               mg
 225165                                                Bicarbonate Base                               Bicarbonate Base      inputevents                      Fluids/Intake               mL
 225203                                               Pheresis Catheter                              Pheresis Catheter  procedureevents            Access Lines - Invasive              NaN
 225367                                    Pheresis Catheter Cap Change                   Pheresis Catheter Cap Change   datetimeevents            Access Lines - Invasive              NaN
 225368                         Pheresis Catheter Change over Wire Date        Pheresis Catheter Change over Wire Date   datetimeevents            Access Lines - Invasive              NaN
 225369                               Pheresis Catheter Dressing Change              Pheresis Catheter Dressing Change   datetimeevents            Access Lines - Invasive              NaN
 225370                                Pheresis Catheter Insertion Date               Pheresis Catheter Insertion Date   datetimeevents            Access Lines - Invasive              NaN
 225371                                   Pheresis Catheter Site Appear                  Pheresis Catheter Site Appear      chartevents            Access Lines - Invasive              NaN
 225372                                 Pheresis Catheter Tubing Change                Pheresis Catheter Tubing Change   datetimeevents            Access Lines - Invasive              NaN
 225427                                                     Angiography                                    Angiography  procedureevents                          5-Imaging              NaN
 225532                               Photodynamic therapy PDT (Bronch)              Photodynamic therapy PDT (Bronch)      chartevents                       Bronchoscopy              NaN
 225612                                              Alkaline Phosphate                             Alkaline Phosphate      chartevents                               Labs              NaN
 225641                                             Differential-Lymphs                            Differential-Lymphs      chartevents                               Labs              NaN
 225645                                           ZPhenytoin (Dilantin)                          ZPhenytoin (Dilantin)      chartevents                               Labs              NaN
 225676                                                  ZPhenobarbital                                 ZPhenobarbital      chartevents                               Labs              NaN
 225677                                                     Phosphorous                                    Phosphorous      chartevents                               Labs              NaN
 225731                             Pheresis Catheter Line Tip Cultured            Pheresis Catheter Line Tip Cultured      chartevents            Access Lines - Invasive              NaN
 225746                                  Pheresis Catheter Discontinued                 Pheresis Catheter Discontinued      chartevents            Access Lines - Invasive              NaN
 225782                                 Pheresis Catheter Dressing Type                Pheresis Catheter Dressing Type      chartevents            Access Lines - Invasive              NaN
 225834                                                          K Phos                                         K Phos      inputevents                        Medications             mmol
 225835                                                         Na Phos                                        Na Phos      inputevents                        Medications             mmol
 225911                                        Ranitidine (Prophylaxis)                       Ranitidine (Prophylaxis)      inputevents                        Medications             dose
 225920                                 Peripheral Parenteral Nutrition                Peripheral Parenteral Nutrition      inputevents             Nutrition - Parenteral               mL
 225922                                                      Nephramine                                     Nephramine      inputevents            Nutrition - Supplements               mL
 225925                                             Potassium Phosphate                            Potassium Phosphate      inputevents            Nutrition - Supplements             mmol
 225975                                    Heparin Sodium (Prophylaxis)                   Heparin Sodium (Prophylaxis)      inputevents                        Medications             dose
 226122                    Pheresis Catheter placed in outside facility   Pheresis Catheter placed in outside facility      chartevents            Access Lines - Invasive              NaN
 226253                                                SpO2 Desat Limit                               SpO2 Desat Limit      chartevents                             Alarms                %
 226403                                    GU Irrigant - Amphotericin B                   GU Irrigant - Amphotericin B      inputevents                      Fluids/Intake               mL
 226476                                              Esophogeal Balloon                             Esophogeal Balloon  procedureevents                       4-Procedures              NaN
 226504                                                Phenytoin (Free)                               Phenytoin (Free)      chartevents                               Labs              NaN
 226564                                                   R Nephrostomy                                  R Nephrostomy     outputevents                             Output               mL
 226565                                                   L Nephrostomy                                  L Nephrostomy     outputevents                             Output               mL
 226768                                                 PhApacheIIScore                                PhApacheIIScore      chartevents                 Scores - APACHE II              NaN
 226769                                                 PHApacheIIValue                                PHApacheIIValue      chartevents                 Scores - APACHE II              NaN
 226770                                                PO2ApacheIIValue                               PO2ApacheIIValue      chartevents                 Scores - APACHE II              NaN
 227036                                                   PCO2_ApacheIV                                  PCO2_ApacheIV      chartevents             Scores - APACHE IV (2)              NaN
 227037                                                     PH_ApacheIV                                    PH_ApacheIV      chartevents             Scores - APACHE IV (2)              NaN
 227038                                           PHPaCO2Score_ApacheIV                          PHPaCO2Score_ApacheIV      chartevents             Scores - APACHE IV (2)              NaN
 227039                                                    PO2_ApacheIV                                   PO2_ApacheIV      chartevents             Scores - APACHE IV (2)             mmHg
 227129                                          Pheresis Catheter Type                         Pheresis Catheter Type      chartevents            Access Lines - Invasive              NaN
 227362                            Pheresis Catheter Dressing Occlusive           Pheresis Catheter Dressing Occlusive      chartevents            Access Lines - Invasive              NaN
 227460                                                   Phenobarbital                                  Phenobarbital      chartevents                               Labs              NaN
 227461                                            Phenytoin (Dilantin)                           Phenytoin (Dilantin)      chartevents                               Labs              NaN
 227516                                              PO2 (Mixed Venous)                             PO2 (Mixed Venous)      chartevents                               Labs             mmHg
 227532                                                 Plasma Pheresis                                Plasma Pheresis      inputevents            Blood Products/Colloids               mL
 227533                                   Sodium Bicarbonate 8.4% (Amp)                  Sodium Bicarbonate 8.4% (Amp)      inputevents                      Fluids/Intake               mL
 227535                                        Vitamin K (Phytonadione)                       Vitamin K (Phytonadione)      inputevents                        Medications               mg
 227551                                                Plasma Pheresis.                               Plasma Pheresis.  procedureevents                       4-Procedures              NaN
 227586                                                           GI pH                                          GI pH      chartevents                              GI/GU              NaN
 227690                                                    Fosphenytoin                                   Fosphenytoin      inputevents                        Medications               mg
 227758                  Pheresis Catheter Placement Confirmed by X-ray Pheresis Catheter Placement Confirmed by X-ray      chartevents            Access Lines - Invasive              NaN
 228007                                            14 G Phlebitis Scale                           14 G Phlebitis Scale      chartevents          Access Lines - Peripheral              NaN
 228009                                            16 G Phlebitis Scale                           16 G Phlebitis Scale      chartevents          Access Lines - Peripheral              NaN
 228011                                            18 G Phlebitis Scale                           18 G Phlebitis Scale      chartevents          Access Lines - Peripheral              NaN
 228013                                            20 G Phlebitis Scale                           20 G Phlebitis Scale      chartevents          Access Lines - Peripheral              NaN
 228015                                            22 G Phlebitis Scale                           22 G Phlebitis Scale      chartevents          Access Lines - Peripheral              NaN
 228017                                             RIC Phlebitis Scale                            RIC Phlebitis Scale      chartevents          Access Lines - Peripheral              NaN
 228061                               Photodynamic therapy PDT (Bronch)              Photodynamic therapy PDT (Bronch)      chartevents                       Bronchoscopy              NaN
 228194                                Peripheral Pulses (Tandem Heart)                  Peripheral Pulses (LifeSPARC)      chartevents                       Tandem Heart              NaN
 228239                                         Phenytoin (Free) (SOFT)                        Phenytoin (Free) (SOFT)      chartevents                               Labs              NaN
 228243                                                       PH (SOFT)                                      PH (SOFT)      chartevents                               Labs              NaN
 228315                                                Acetaminophen-IV                               Acetaminophen-IV      inputevents                        Medications               mg
 228381                       Total Peripheral Resistance (TPR) (NICOM)                                    TPR (NICOM)      chartevents                              NICOM    dynes*sec/cm5
 228382                Total Peripheral Resistance Index (TPRI) (NICOM)                                   TPRI (NICOM)      chartevents                              NICOM dynes*sec/cm5/m2
 228690                                                DVT Prophy_OLD_1                               DVT Prophy_OLD_1      chartevents                   MD Progress Note              NaN
 228692                                        Glucose Control - Prophy                       Glucose Control - Prophy      chartevents                   MD Progress Note              NaN
 228700                                                      DVT Prophy                                     DVT Prophy      chartevents                   MD Progress Note              NaN
 228712                                                    VAP - Prophy                                   VAP - Prophy      chartevents                   MD Progress Note              NaN
 229059                                                 Chloramphenicol                                Chloramphenicol      inputevents                        Antibiotics             dose
 229062                                Mycophenolate mofetil (Cellcept)               Mycophenolate mofetil (Cellcept)      inputevents                        Medications               mg
 229286                                                  Prophylaxisold                                 Prophylaxisold      chartevents                   MD Progress Note              NaN
 229291                                                     Prophylaxis                                    Prophylaxis      chartevents                   MD Progress Note              NaN
 229292                                                       GI Prophy                                      GI Prophy      chartevents                   MD Progress Note              NaN
 229355                                       Absolute Neutrophil Count                      Absolute Neutrophil Count      chartevents                               Labs              NaN
 229358                                         Absolute Count - Lymphs                        Absolute Count - Lymphs      chartevents                               Labs              NaN
 229429                                                ROS-Heme / Lymph                               ROS-Heme / Lymph      chartevents                   MD Progress Note              NaN
 229467                                            24 G Phlebitis Scale                           24 G Phlebitis Scale      chartevents          Access Lines - Peripheral              NaN
 229537                                          Pheresis Catheter Type                         Pheresis Catheter Type      chartevents            Access Lines - Invasive              NaN
 229617                                                    Epinephrine.                                   Epinephrine.      inputevents                        Medications               mg
 229630                                          Phenylephrine (50/250)                         Phenylephrine (50/250)      inputevents                        Medications               mg
 229631                                   Phenylephrine (200/250)_OLD_1                  Phenylephrine (200/250)_OLD_1      inputevents                        Medications               mg
 229632                                         Phenylephrine (200/250)                        Phenylephrine (200/250)      inputevents                        Medications               mg
 229789                                      Phenylephrine (Intubation)                     Phenylephrine (Intubation)      chartevents                         Intubation              mcg
 229862                                   Forehead SpO2 Sensor in Place                  Forehead SpO2 Sensor in Place      chartevents                Routine Vital Signs              NaN
 229881                                      Dialysis/Pheresis Biopatch                     Dialysis/Pheresis Biopatch      chartevents            Access Lines - Invasive              NaN
 230111                                  Esophageal Balloon Status (MT)                 Esophageal Balloon Status (MT)      chartevents                              GI/GU              NaN
 230112                                Esophageal Balloon Pressure (MT)               Esophageal Balloon Pressure (MT)      chartevents                              GI/GU             mmHg
 230113                                  Esophageal Suction Status (MT)                 Esophageal Suction Status (MT)      chartevents                              GI/GU              NaN

[d_items] vasopressors:
 itemid                         label                  abbreviation     linksto    category unitname
 221289                   Epinephrine                   Epinephrine inputevents Medications       mg
 221653                    Dobutamine                    Dobutamine inputevents Medications       mg
 221662                      Dopamine                      Dopamine inputevents Medications       mg
 221749                 Phenylephrine                 Phenylephrine inputevents Medications       mg
 221906                Norepinephrine                Norepinephrine inputevents Medications       mg
 222315                   Vasopressin                   Vasopressin inputevents Medications    units
 229617                  Epinephrine.                  Epinephrine. inputevents Medications       mg
 229630        Phenylephrine (50/250)        Phenylephrine (50/250) inputevents Medications       mg
 229631 Phenylephrine (200/250)_OLD_1 Phenylephrine (200/250)_OLD_1 inputevents Medications       mg
 229632       Phenylephrine (200/250)       Phenylephrine (200/250) inputevents Medications       mg
 229789    Phenylephrine (Intubation)    Phenylephrine (Intubation) chartevents  Intubation      mcg

d_labitems has 1,650 entries.

[d_labitems] lactate:
 itemid                          label               fluid  category
  50813                        Lactate               Blood Blood Gas
  50843 Lactate Dehydrogenase, Ascites             Ascites Chemistry
  50954     Lactate Dehydrogenase (LD)               Blood Chemistry
  51054 Lactate Dehydrogenase, Pleural             Pleural Chemistry
  51795     Lactate Dehydrogenase, CSF Cerebrospinal Fluid Chemistry
  51944   Lactate Dehydrogenase, Stool               Stool Chemistry
  52442                        Lactate               Blood Blood Gas
  53154                        Lactate               Blood Chemistry

[d_labitems] creatinine:
 itemid                           label               fluid  category
  50841             Creatinine, Ascites             Ascites Chemistry
  50912                      Creatinine               Blood Chemistry
  51021         Creatinine, Joint Fluid         Joint Fluid Chemistry
  51032          Creatinine, Body Fluid    Other Body Fluid Chemistry
  51052             Creatinine, Pleural             Pleural Chemistry
  51067                24 hr Creatinine               Urine Chemistry
  51070       Albumin/Creatinine, Urine               Urine Chemistry
  51073 Amylase/Creatinine Ratio, Urine               Urine Chemistry
  51080            Creatinine Clearance               Urine Chemistry
  51081               Creatinine, Serum               Urine Chemistry
  51082               Creatinine, Urine               Urine Chemistry
  51099        Protein/Creatinine Ratio               Urine Chemistry
  51106                Urine Creatinine               Urine Chemistry
  51787                 Creatinine, CSF Cerebrospinal Fluid Chemistry
  51937               Creatinine, Stool               Stool Chemistry
  51963    Amylase/Creatinine Clearance               Urine Chemistry
  51977               Creatinine, Blood               Urine Chemistry
  52000               Urine  Creatinine               Urine Chemistry
  52024         Creatinine, Whole Blood               Blood Blood Gas
  52546                      Creatinine               Blood Chemistry

[d_labitems] bilirubin:
 itemid                         label               fluid   category
  50838     Bilirubin, Total, Ascites             Ascites  Chemistry
  50883             Bilirubin, Direct               Blood  Chemistry
  50884           Bilirubin, Indirect               Blood  Chemistry
  50885              Bilirubin, Total               Blood  Chemistry
  51028  Bilirubin, Total, Body Fluid    Other Body Fluid  Chemistry
  51049     Bilirubin, Total, Pleural             Pleural  Chemistry
  51464                     Bilirubin               Urine Hematology
  51465            Bilirubin Crystals               Urine Hematology
  51568           Bilirubin, Neonatal               Blood  Chemistry
  51569   Bilirubin, Neonatal, Direct               Blood  Chemistry
  51570 Bilirubin, Neonatal, Indirect               Blood  Chemistry
  51783         Bilirubin, Total, CSF Cerebrospinal Fluid  Chemistry
  51812 Bilirubin, Total, Joint Fluid         Joint Fluid  Chemistry
  51932       Bilirubin, Total, Stool               Stool  Chemistry
  51966                     Bilirubin               Urine  Chemistry
  53089              Bilirubin, Total               Blood  Chemistry

[d_labitems] platelets:
 itemid                          label fluid   category
  51240                Large Platelets Blood Hematology
  51264                Platelet Clumps Blood Hematology
  51265                 Platelet Count Blood Hematology
  51266                 Platelet Smear Blood Hematology
  52105 Direct Antiplatelet Antibodies Blood Hematology
  52142           Mean Platelet Volume Blood Hematology
  52159           Platelet Aggregation Blood Hematology
  53189                 Platelet Count Blood  Chemistry

[d_labitems] wbc:
 itemid                          label fluid   category
  51241 Leukocyte Alkaline Phosphatase Blood Hematology
  51300                      WBC Count Blood Hematology
  51301              White Blood Cells Blood Hematology
  51486                     Leukocytes Urine Hematology
  51516                            WBC Urine Hematology
  51517                      WBC Casts Urine Hematology
  51518                     WBC Clumps Urine Hematology
  51755              White Blood Cells Blood  Chemistry
  51756              White Blood Cells Blood  Chemistry
  51985                     Leukocytes Urine  Chemistry
  52219                        WBCScat Blood Hematology
  52220                           wbcp Blood Hematology
  52407                            WBC Stool Hematology

[d_labitems] blood gas:
 itemid                                label               fluid   category
  50802                          Base Excess               Blood  Blood Gas
  50803  Calculated Bicarbonate, Whole Blood               Blood  Blood Gas
  50818                                 pCO2               Blood  Blood Gas
  50820                                   pH               Blood  Blood Gas
  50821                                  pO2               Blood  Blood Gas
  50830                     pCO2, Body Fluid    Other Body Fluid  Blood Gas
  50831                                   pH    Other Body Fluid  Blood Gas
  50832                      pO2, Body Fluid    Other Body Fluid  Blood Gas
  50837                 Bicarbonate, Ascites             Ascites  Chemistry
  50856                        Acetaminophen               Blood  Chemistry
  50858                     Acid Phosphatase               Blood  Chemistry
  50859      Acid Phosphatase, Non-Prostatic               Blood  Chemistry
  50863                 Alkaline Phosphatase               Blood  Chemistry
  50864                    Alpha-Fetoprotein               Blood  Chemistry
  50872 Anti-Neutrophil Cytoplasmic Antibody               Blood  Chemistry
  50882                          Bicarbonate               Blood  Chemistry
  50966                        Phenobarbital               Blood  Chemistry
  50967                            Phenytoin               Blood  Chemistry
  50968                      Phenytoin, Free               Blood  Chemistry
  50969              Phenytoin, Percent Free               Blood  Chemistry
  50970                            Phosphate               Blood  Chemistry
  50975              Protein Electrophoresis               Blood  Chemistry
  50990                         Theophylline               Blood  Chemistry
  51027             Bicarbonate, Other Fluid    Other Body Fluid  Chemistry
  51040                Phosphate, Body Fluid    Other Body Fluid  Chemistry
  51048                 Bicarbonate, Pleural             Pleural  Chemistry
  51061                   Bicarbonate, Stool               Stool  Chemistry
  51071            Amphetamine Screen, Urine               Urine  Chemistry
  51076                   Bicarbonate, Urine               Urine  Chemistry
  51094                                   pH               Urine  Chemistry
  51095                     Phosphate, Urine               Urine  Chemistry
  51096               Porphobilinogen Screen               Urine  Chemistry
  51098         Prot. Electrophoresis, Urine               Urine  Chemistry
  51110                 Atypical Lymphocytes             Ascites Hematology
  51112                            Basophils             Ascites Hematology
  51114                          Eosinophils             Ascites Hematology
  51116                          Lymphocytes             Ascites Hematology
  51117                           Macrophage             Ascites Hematology
  51133            Absolute Lymphocyte Count               Blood Hematology
  51136                    Alpha Antiplasmin               Blood Hematology
  51143                 Atypical Lymphocytes               Blood Hematology
  51145                 Basophilic Stippling               Blood Hematology
  51146                            Basophils               Blood Hematology
  51199                     Eosinophil Count               Blood Hematology
  51200                          Eosinophils               Blood Hematology
  51201                         Epinepherine               Blood Hematology
  51232           Hypersegmented Neutrophils               Blood Hematology
  51234                    Immunophenotyping               Blood Hematology
  51241       Leukocyte Alkaline Phosphatase               Blood Hematology
  51244                          Lymphocytes               Blood Hematology
  51245                 Lymphocytes, Percent               Blood Hematology
  51256                          Neutrophils               Blood Hematology
  51292                          Spherocytes               Blood Hematology
  51338                    Immunophenotyping         Bone Marrow Hematology
  51365                 Atypical Lymphocytes         Joint Fluid Hematology
  51367                            Basophils         Joint Fluid Hematology
  51368                          Eosinophils         Joint Fluid Hematology
  51375                          Lymphocytes         Joint Fluid Hematology
  51376                           Macrophage         Joint Fluid Hematology
  51385                 Atypical Lymphocytes    Other Body Fluid Hematology
  51387                            Basophils    Other Body Fluid Hematology
  51419                          Eosinophils    Other Body Fluid Hematology
  51424                    Immunophenotyping    Other Body Fluid Hematology
  51427                          Lymphocytes    Other Body Fluid Hematology
  51428                           Macrophage    Other Body Fluid Hematology
  51440                 Atypical Lymphocytes             Pleural Hematology
  51442                            Basophils             Pleural Hematology
  51444                          Eosinophils             Pleural Hematology
  51446                          Lymphocytes             Pleural Hematology
  51447                          Macrophages             Pleural Hematology
  51462                   Amorphous Crystals               Urine Hematology
  51470           Calcium Phosphate Crystals               Urine Hematology
  51474                          Eosinophils               Urine Hematology
  51483                     Hyphenated Yeast               Urine Hematology
  51491                                   pH               Urine Hematology
  51503            Triple Phosphate Crystals               Urine Hematology
  51673                Immunoelectrophoresis               Blood  Chemistry
  51687                 Lipo Electrophoresis               Blood  Chemistry
  51748     Treponema pallidum (Syphilis) Ab               Blood  Chemistry
  51749  Treponema pallidum (syphilis) value               Blood  Chemistry
  51778                              Alpha-1 Cerebrospinal Fluid  Chemistry
  51779                              Alpha-2 Cerebrospinal Fluid  Chemistry
  51782                     Bicarbonate, CSF Cerebrospinal Fluid  Chemistry
  51792           Immunoelectrophoresis, CSF Cerebrospinal Fluid  Chemistry
  51808                              Alpha-1         Joint Fluid  Chemistry
  51809                              Alpha-2         Joint Fluid  Chemistry
  51811              Bicarbonate,Joint Fluid         Joint Fluid  Chemistry
  51819   Immunoelectrophoresis, Joint Fluid         Joint Fluid  Chemistry
  51837                              Alpha-1    Other Body Fluid  Chemistry
  51838                              Alpha-2    Other Body Fluid  Chemistry
  51861         Immunoelectrophoresis, Fluid    Other Body Fluid  Chemistry
  51889                 Phosphatidylglycerol    Other Body Fluid  Chemistry
  51893                     Staph aureus PCR    Other Body Fluid  Chemistry
  51911                              Alpha-1             Pleural  Chemistry
  51912                              Alpha-2             Pleural  Chemistry
  51917       Immunoelectrophoresis, Pleural             Pleural  Chemistry
  51928                              Alpha-1               Stool  Chemistry
  51929                              Alpha-2               Stool  Chemistry
  51943         Immunoelectrophoresis, Stool               Stool  Chemistry
  51961                              Alpha-1               Urine  Chemistry
  51962                              Alpha-2               Urine  Chemistry
  51975                      Coproporphyrins               Urine  Chemistry
  51982         Immunoelectrophoresis, Urine               Urine  Chemistry
  51990          Phenothiazine Screen, Urine               Urine  Chemistry
  51991                  Propoxyphene, Urine               Urine  Chemistry
  52003                        Uroporphyrins               Urine  Chemistry
  52038                          Base Excess               Fluid  Blood Gas
  52039               Calculated Bicarbonate               Fluid  Blood Gas
  52040                                 pCO2               Fluid  Blood Gas
  52041                                   pH               Fluid  Blood Gas
  52042                                  pO2               Fluid  Blood Gas
  52045                            pH, Urine               Urine  Blood Gas
  52057                              Lymphs#             Ascites Hematology
  52069              Absolute Basophil Count               Blood Hematology
  52073            Absolute Eosinophil Count               Blood Hematology
  52075            Absolute Neutrophil Count               Blood Hematology
  52076               Acid Phosphatase Stain               Blood Hematology
  52126                            Heinz Aph               Blood Hematology
  52146                Naphtol Acetate Stain               Blood Hematology
  52171                       RBC Morphology               Blood Hematology
  52184                       TCR Alpha-Beta               Blood Hematology
  52221                 Atypical Lymphocytes Cerebrospinal Fluid Hematology
  52225                            Basophils Cerebrospinal Fluid Hematology
  52256                          Eosinophils Cerebrospinal Fluid Hematology
  52260           Hypersegmented Neutrophils Cerebrospinal Fluid Hematology
  52261         Hypersegmented Neutrophils # Cerebrospinal Fluid Hematology
  52262                    Immunophenotyping Cerebrospinal Fluid Hematology
  52264                               Lymphs Cerebrospinal Fluid Hematology
  52265                              Lymphs# Cerebrospinal Fluid Hematology
  52266                           Macrophage Cerebrospinal Fluid Hematology
  52267                          Macrophage# Cerebrospinal Fluid Hematology
  52299           Hypersegmented Neutrophils         Joint Fluid Hematology
  52300         Hypersegmented Neutrophils #         Joint Fluid Hematology
  52302                              Lymphs#         Joint Fluid Hematology
  52316               Acid Phosphatase Stain         Bone Marrow Hematology
  52326               Naphthol Acetate Stain         Bone Marrow Hematology
  52327                   Naphthol Butryrate         Bone Marrow Hematology
  52331                       TCR Alpha-Beta         Bone Marrow Hematology
  52355           Hypersegmented Neutrophils    Other Body Fluid Hematology
  52356          Hypersegmented Neutrophils#    Other Body Fluid Hematology
  52359                              Lymphs#    Other Body Fluid Hematology
  52367                       TCR Alpha-Beta    Other Body Fluid Hematology
  52382         Hypersegmented  Neutrophils#             Pleural Hematology
  52383           Hypersegmented Neutrophils             Pleural Hematology
  52384                              Lymphs#             Pleural Hematology
  52730                                   pH               Urine  Chemistry
  52769            Absolute Lymphocyte Count               Blood Hematology
  53086                 Alkaline Phosphatase               Blood  Chemistry
  53117                              Alpha-1             Ascites  Chemistry
  53118                              Alpha-2             Ascites  Chemistry
  53123       Immunoelectrophoresis, Ascites             Ascites  Chemistry
  53135 Acid Phosphatase, Prostatic Fraction               Blood  Chemistry
  53136         Adrenocorticotrophic Hormone               Blood  Chemistry
  53141                              Alpha-1               Blood  Chemistry
  53142                  Alpha-1-antitrypsin               Blood  Chemistry
  53143                              Alpha-2               Blood  Chemistry
  53157            Absolute Lymphocyte Count               Blood  Chemistry
  53159            Absolute Neutrophil Count               Blood  Chemistry
  53164                          Neutrophils               Blood  Chemistry
  53169                              Ceph-IC    Other Body Fluid  Chemistry
  53170                         CephIC Endpt    Other Body Fluid  Chemistry
  53188                          Lymphocytes               Blood  Chemistry

[d_labitems] bun/urea:
 itemid                      label               fluid  category
  50851     Urea Nitrogen, Ascites             Ascites Chemistry
  51006              Urea Nitrogen               Blood Chemistry
  51045  Urea Nitrogen, Body Fluid    Other Body Fluid Chemistry
  51104       Urea Nitrogen, Urine               Urine Chemistry
  51804         Urea Nitrogen, CSF Cerebrospinal Fluid Chemistry
  51825 Urea Nitrogen, Joint Fluid         Joint Fluid Chemistry
  51842                        Bun    Other Body Fluid Chemistry
  51922     Urea Nitrogen, Pleural             Pleural Chemistry
  51951       Urea Nitrogen, Stool               Stool Chemistry
  52647              Urea Nitrogen               Blood Chemistry

[d_labitems] inflammatory:
 itemid              label fluid  category
  50889 C-Reactive Protein Blood Chemistry

[d_labitems] coagulation:
 itemid   label fluid   category
  51237 INR(PT) Blood Hematology
  51675 INR(PT) Blood  Chemistry

==============================================================================
4. SEPSIS ICD CODES PRESENT IN d_icd_diagnoses
==============================================================================
177 matching code(s):
icd_code  icd_version                                                                                              long_title
    0031            9                                                                                   Salmonella septicemia
    0202            9                                                                                       Septicemic plague
    0223            9                                                                                      Anthrax septicemia
    0380            9                                                                                Streptococcal septicemia
   03810            9                                                                  Staphylococcal septicemia, unspecified
   03811            9                                                Methicillin susceptible Staphylococcus aureus septicemia
   03812            9                                                  Methicillin resistant Staphylococcus aureus septicemia
   03819            9                                                                         Other staphylococcal septicemia
    0382            9                                           Pneumococcal septicemia [Streptococcus pneumoniae septicemia]
    0383            9                                                                             Septicemia due to anaerobes
   03840            9                                                   Septicemia due to gram-negative organism, unspecified
   03841            9                                                 Septicemia due to hemophilus influenzae [H. influenzae]
   03842            9                                                            Septicemia due to escherichia coli [E. coli]
   03843            9                                                                           Septicemia due to pseudomonas
   03844            9                                                                              Septicemia due to serratia
   03849            9                                                         Other septicemia due to gram-negative organisms
    0388            9                                                                             Other specified septicemias
    0389            9                                                                                  Unspecified septicemia
    0545            9                                                                                     Herpetic septicemia
   10081            9                                                                        Leptospiral meningitis (aseptic)
   41512            9                                                                               Septic pulmonary embolism
   42292            9                                                                                      Septic myocarditis
     449            9                                                                                Septic arterial embolism
   67020            9                                   Puerperal sepsis, unspecified as to episode of care or not applicable
   67022            9                                    Puerperal sepsis, delivered, with mention of postpartum complication
   67024            9                                                  Puerperal sepsis, postpartum condition or complication
   67030            9                  Puerperal septic thrombophlebitis, unspecified as to episode of care or not applicable
   67032            9                   Puerperal septic thrombophlebitis, delivered, with mention of postpartum complication
   67034            9                                 Puerperal septic thrombophlebitis, postpartum condition or complication
   67330            9             Obstetrical pyemic and septic embolism, unspecified as to episode of care or not applicable
   67331            9      Obstetrical pyemic and septic embolism, delivered, with or without mention of antepartum condition
   67332            9              Obstetrical pyemic and septic embolism, delivered, with mention of postpartum complication
   67333            9                            Obstetrical pyemic and septic embolism, antepartum condition or complication
   67334            9                            Obstetrical pyemic and septic embolism, postpartum condition or complication
   73340            9                                                              Aseptic necrosis of bone, site unspecified
   73341            9                                                                     Aseptic necrosis of head of humerus
   73342            9                                                              Aseptic necrosis of head and neck of femur
   73343            9                                                              Aseptic necrosis of medial femoral condyle
   73344            9                                                                               Aseptic necrosis of talus
   73345            9                                                                           Aseptic necrosis of bone, jaw
   73349            9                                                                         Aseptic necrosis of bone, other
   77181            9                                                                          Septicemia [sepsis] of newborn
   78552            9                                                                                            Septic shock
   99591            9                                                                                                  Sepsis
   99592            9                                                                                           Severe sepsis
   99802            9                                                                             Postoperative shock, septic
    A021           10                                                                                       Salmonella sepsis
    A207           10                                                                                       Septicemic plague
    A227           10                                                                                          Anthrax sepsis
    A267           10                                                                                   Erysipelothrix sepsis
   A2781           10                                                                     Aseptic meningitis in leptospirosis
    A327           10                                                                                        Listerial sepsis
     A40           10                                                                                    Streptococcal sepsis
    A400           10                                                                    Sepsis due to streptococcus, group A
    A401           10                                                                    Sepsis due to streptococcus, group B
    A403           10                                                                  Sepsis due to Streptococcus pneumoniae
    A408           10                                                                              Other streptococcal sepsis
    A409           10                                                                       Streptococcal sepsis, unspecified
     A41           10                                                                                            Other sepsis
    A410           10                                                                     Sepsis due to Staphylococcus aureus
   A4101           10                                             Sepsis due to Methicillin susceptible Staphylococcus aureus
   A4102           10                                               Sepsis due to Methicillin resistant Staphylococcus aureus
    A411           10                                                            Sepsis due to other specified staphylococcus
    A412           10                                                                Sepsis due to unspecified staphylococcus
    A413           10                                                                     Sepsis due to Hemophilus influenzae
    A414           10                                                                                 Sepsis due to anaerobes
    A415           10                                                             Sepsis due to other Gram-negative organisms
   A4150           10                                                                       Gram-negative sepsis, unspecified
   A4151           10                                                                Sepsis due to Escherichia coli [E. coli]
   A4152           10                                                                               Sepsis due to Pseudomonas
   A4153           10                                                                                  Sepsis due to Serratia
   A4159           10                                                                              Other Gram-negative sepsis
    A418           10                                                                                  Other specified sepsis
   A4181           10                                                                              Sepsis due to Enterococcus
   A4189           10                                                                                  Other specified sepsis
    A419           10                                                                            Sepsis, unspecified organism
    A427           10                                                                                    Actinomycotic sepsis
   A5486           10                                                                                       Gonococcal sepsis
    B377           10                                                                                         Candidal sepsis
   I2601           10                                                      Septic pulmonary embolism with acute cor pulmonale
   I2690           10                                                   Septic pulmonary embolism without acute cor pulmonale
     I76           10                                                                                Septic arterial embolism
    M870           10                                                                     Idiopathic aseptic necrosis of bone
   M8700           10                                                         Idiopathic aseptic necrosis of unspecified bone
   M8701           10                                                                 Idiopathic aseptic necrosis of shoulder
  M87011           10                                                           Idiopathic aseptic necrosis of right shoulder
  M87012           10                                                            Idiopathic aseptic necrosis of left shoulder
  M87019           10                                                     Idiopathic aseptic necrosis of unspecified shoulder
   M8702           10                                                                  Idiopathic aseptic necrosis of humerus
  M87021           10                                                            Idiopathic aseptic necrosis of right humerus
  M87022           10                                                             Idiopathic aseptic necrosis of left humerus
  M87029           10                                                      Idiopathic aseptic necrosis of unspecified humerus
   M8703           10                                                  Idiopathic aseptic necrosis of radius, ulna and carpus
  M87031           10                                                             Idiopathic aseptic necrosis of right radius
  M87032           10                                                              Idiopathic aseptic necrosis of left radius
  M87033           10                                                       Idiopathic aseptic necrosis of unspecified radius
  M87034           10                                                               Idiopathic aseptic necrosis of right ulna
  M87035           10                                                                Idiopathic aseptic necrosis of left ulna
  M87036           10                                                         Idiopathic aseptic necrosis of unspecified ulna
  M87037           10                                                             Idiopathic aseptic necrosis of right carpus
  M87038           10                                                              Idiopathic aseptic necrosis of left carpus
  M87039           10                                                       Idiopathic aseptic necrosis of unspecified carpus
   M8704           10                                                         Idiopathic aseptic necrosis of hand and fingers
  M87041           10                                                               Idiopathic aseptic necrosis of right hand
  M87042           10                                                                Idiopathic aseptic necrosis of left hand
  M87043           10                                                         Idiopathic aseptic necrosis of unspecified hand
  M87044           10                                                          Idiopathic aseptic necrosis of right finger(s)
  M87045           10                                                           Idiopathic aseptic necrosis of left finger(s)
  M87046           10                                                    Idiopathic aseptic necrosis of unspecified finger(s)
   M8705           10                                                         Idiopathic aseptic necrosis of pelvis and femur
  M87050           10                                                                   Idiopathic aseptic necrosis of pelvis
  M87051           10                                                              Idiopathic aseptic necrosis of right femur
  M87052           10                                                               Idiopathic aseptic necrosis of left femur
  M87059           10                                                        Idiopathic aseptic necrosis of unspecified femur
   M8706           10                                                         Idiopathic aseptic necrosis of tibia and fibula
  M87061           10                                                              Idiopathic aseptic necrosis of right tibia
  M87062           10                                                               Idiopathic aseptic necrosis of left tibia
  M87063           10                                                        Idiopathic aseptic necrosis of unspecified tibia
  M87064           10                                                             Idiopathic aseptic necrosis of right fibula
  M87065           10                                                              Idiopathic aseptic necrosis of left fibula
  M87066           10                                                       Idiopathic aseptic necrosis of unspecified fibula
   M8707           10                                                     Idiopathic aseptic necrosis of ankle, foot and toes
  M87071           10                                                              Idiopathic aseptic necrosis of right ankle
  M87072           10                                                               Idiopathic aseptic necrosis of left ankle
  M87073           10                                                        Idiopathic aseptic necrosis of unspecified ankle
  M87074           10                                                               Idiopathic aseptic necrosis of right foot
  M87075           10                                                                Idiopathic aseptic necrosis of left foot
  M87076           10                                                         Idiopathic aseptic necrosis of unspecified foot
  M87077           10                                                             Idiopathic aseptic necrosis of right toe(s)
  M87078           10                                                              Idiopathic aseptic necrosis of left toe(s)
  M87079           10                                                       Idiopathic aseptic necrosis of unspecified toe(s)
   M8708           10                                                         Idiopathic aseptic necrosis of bone, other site
   M8709           10                                                     Idiopathic aseptic necrosis of bone, multiple sites
   O0337           10                                                        Sepsis following incomplete spontaneous abortion
   O0387           10                                           Sepsis following complete or unspecified spontaneous abortion
   O0487           10                                                     Sepsis following (induced) termination of pregnancy
   O0737           10                                              Sepsis following failed attempted termination of pregnancy
   O0882           10                                                            Sepsis following ectopic and molar pregnancy
     O85           10                                                                                        Puerperal sepsis
   O8604           10                                                               Sepsis following an obstetrical procedure
   O8681           10                                                                       Puerperal septic thrombophlebitis
    O883           10                                                                    Obstetric pyemic and septic embolism
   O8831           10                                                                 Pyemic and septic embolism in pregnancy
  O88311           10                                                Pyemic and septic embolism in pregnancy, first trimester
  O88312           10                                               Pyemic and septic embolism in pregnancy, second trimester
  O88313           10                                                Pyemic and septic embolism in pregnancy, third trimester
  O88319           10                                          Pyemic and septic embolism in pregnancy, unspecified trimester
   O8832           10                                                                Pyemic and septic embolism in childbirth
   O8833           10                                                            Pyemic and septic embolism in the puerperium
     P36           10                                                                             Bacterial sepsis of newborn
    P360           10                                                         Sepsis of newborn due to streptococcus, group B
    P361           10                                             Sepsis of newborn due to other and unspecified streptococci
   P3610           10                                                       Sepsis of newborn due to unspecified streptococci
   P3619           10                                                             Sepsis of newborn due to other streptococci
    P362           10                                                          Sepsis of newborn due to Staphylococcus aureus
    P363           10                                            Sepsis of newborn due to other and unspecified staphylococci
   P3630           10                                                      Sepsis of newborn due to unspecified staphylococci
   P3639           10                                                            Sepsis of newborn due to other staphylococci
    P364           10                                                               Sepsis of newborn due to Escherichia coli
    P365           10                                                                      Sepsis of newborn due to anaerobes
    P368           10                                                                       Other bacterial sepsis of newborn
    P369           10                                                                Bacterial sepsis of newborn, unspecified
    R652           10                                                                                           Severe sepsis
   R6520           10                                                                      Severe sepsis without septic shock
   R6521           10                                                                         Severe sepsis with septic shock
   T8112           10                                                                             Postprocedural septic shock
 T8112XA           10                                                          Postprocedural septic shock, initial encounter
 T8112XD           10                                                       Postprocedural septic shock, subsequent encounter
 T8112XS           10                                                                    Postprocedural septic shock, sequela
   T8144           10                                                                            Sepsis following a procedure
 T8144XA           10                                                         Sepsis following a procedure, initial encounter
 T8144XD           10                                                      Sepsis following a procedure, subsequent encounter
 T8144XS           10                                                                   Sepsis following a procedure, sequela
   T8161           10                       Aseptic peritonitis due to foreign substance accidentally left during a procedure
 T8161XA           10    Aseptic peritonitis due to foreign substance accidentally left during a procedure, initial encounter
 T8161XD           10 Aseptic peritonitis due to foreign substance accidentally left during a procedure, subsequent encounter
 T8161XS           10              Aseptic peritonitis due to foreign substance accidentally left during a procedure, sequela

==============================================================================
5. VERIFY CANDIDATE ITEMIDS FROM config.py
==============================================================================

[CHART_ITEMIDS]
  heart_rate           -> 220045=OK (Heart Rate)
  sbp_invasive         -> 220050=OK (Arterial Blood Pressure systolic)
  sbp_noninvasive      -> 220179=OK (Non Invasive Blood Pressure systolic)
  dbp_invasive         -> 220051=OK (Arterial Blood Pressure diastolic)
  dbp_noninvasive      -> 220180=OK (Non Invasive Blood Pressure diastolic)
  map_invasive         -> 220052=OK (Arterial Blood Pressure mean)
  map_noninvasive      -> 220181=OK (Non Invasive Blood Pressure mean)
  resp_rate            -> 220210=OK (Respiratory Rate), 224690=OK (Respiratory Rate (Total))
  temp_c               -> 223762=OK (Temperature Celsius)
  temp_f               -> 223761=OK (Temperature Fahrenheit)
  spo2                 -> 220277=OK (O2 saturation pulseoxymetry)
  fio2                 -> 223835=OK (Inspired O2 Fraction)
  gcs_eye              -> 220739=OK (GCS - Eye Opening)
  gcs_verbal           -> 223900=OK (GCS - Verbal Response)
  gcs_motor            -> 223901=OK (GCS - Motor Response)
  weight_admit         -> 226512=OK (Admission Weight (Kg))
  weight_daily         -> 224639=OK (Daily Weight)
  height               -> 226730=OK (Height (cm))

[VASOPRESSOR_ITEMIDS]
  norepinephrine       -> 221906=OK (Norepinephrine)
  epinephrine          -> 221289=OK (Epinephrine)
  dopamine             -> 221662=OK (Dopamine)
  dobutamine           -> 221653=OK (Dobutamine)
  vasopressin          -> 222315=OK (Vasopressin)
  phenylephrine        -> 221749=OK (Phenylephrine)

[URINE_OUTPUT_ITEMIDS]
  226559 -> OK (Foley)
  226560 -> OK (Void)
  226561 -> OK (Condom Cath)
  226584 -> OK (Ileoconduit)
  226563 -> OK (Suprapubic)
  226565 -> OK (L Nephrostomy)
  226567 -> OK (Straight Cath)
  226557 -> OK (R Ureteral Stent)
  226558 -> OK (L Ureteral Stent)

[LAB_ITEMIDS]
  lactate            -> 50813=OK (Lactate)
  creatinine         -> 50912=OK (Creatinine)
  bilirubin_total    -> 50885=OK (Bilirubin, Total)
  platelets          -> 51265=OK (Platelet Count)
  wbc                -> 51301=OK (White Blood Cells), 51300=OK (WBC Count)
  hemoglobin         -> 51222=OK (Hemoglobin)
  pao2               -> 50821=OK (pO2)
  paco2              -> 50818=OK (pCO2)
  ph_blood           -> 50820=OK (pH)
  bicarbonate        -> 50882=OK (Bicarbonate)
  bun                -> 51006=OK (Urea Nitrogen)
  sodium             -> 50983=OK (Sodium)
  potassium          -> 50971=OK (Potassium)
  glucose            -> 50931=OK (Glucose)
  inr                -> 51237=OK (INR(PT))
  crp                -> 50889=OK (C-Reactive Protein)

==============================================================================
6. COHORT SIZE PREVIEW
==============================================================================
icustays rows:            94,458
unique patients (icu):    65,366
ICU LOS (days) median:    1.97  [p25 1.10, p75 3.86]
stays >= 4.0h LOS:       93,730
adult (>= 18) icu stays:  94,458
first-stay-only count:    65,366

==============================================================================
7. PROCESSED INTERMEDIATES (parquet / csv)
==============================================================================
  (no intermediate data files found)

==============================================================================
DONE. Send this whole report back to refine the next stages:
 - which itemids are confirmed (section 5)
 - any MISSING ids that need new candidates (sections 3 & 5)
 - cohort sizes (section 6) so we can set thresholds
==============================================================================

[00:52:00] 01_explore_data              INFO   report saved -> /Users/arif/Desktop/RESEARCH/processed_data/01_exploration_report.txt (121.5 KB)
[01] exit 0  (1s)

============================================================
[02]  /Library/Frameworks/Python.framework/Versions/3.14/bin/python3 -u /Users/arif/Desktop/RESEARCH/projects/sepsis_mimic4/02_extract_cohort.py
============================================================
[00:52:00] 02_extract_cohort            INFO   loading icustays / patients / admissions ...
[00:52:01] 02_extract_cohort            INFO   loading icustays / patients / admissions done (0.8s)
[00:52:01] 02_extract_cohort            INFO   loaded icustays=94,458  patients=364,627  admissions=546,028
[00:52:01] 02_extract_cohort            INFO   building cohort ...
[00:52:01] 02_extract_cohort            INFO   building cohort done (0.0s)
[00:52:01] 02_extract_cohort            INFO   applying inclusion criteria ...
[00:52:01] 02_extract_cohort            INFO     filter [age >= 18]: 94,458 -> 94,458 (dropped 0, 0.0%)
[00:52:01] 02_extract_cohort            INFO     filter [LOS >= 4.0h]: 94,458 -> 93,730 (dropped 728, 0.8%)
[00:52:01] 02_extract_cohort            INFO     filter [first ICU stay only]: 93,730 -> 65,241 (dropped 28,489, 30.4%)
[00:52:01] 02_extract_cohort            INFO   inclusion criteria complete: 94,458 -> 65,241 stays
[00:52:01] 02_extract_cohort            INFO   ============================================================
[00:52:01] 02_extract_cohort            INFO   FINAL COHORT: 65,241 ICU stays / 65,241 patients
[00:52:01] 02_extract_cohort            INFO     female: 43.8%  age median: 66
[00:52:01] 02_extract_cohort            INFO     in-hospital mortality: 10.8%
[00:52:01] 02_extract_cohort            INFO     ICU mortality: 7.3%
[00:52:01] utils                        INFO   saved 02_cohort.parquet (65,241 rows, 17 cols, 4.5 MB)
[02] exit 0  (1s)

============================================================
[03]  /Library/Frameworks/Python.framework/Versions/3.14/bin/python3 -u /Users/arif/Desktop/RESEARCH/projects/sepsis_mimic4/03_suspected_infection.py
============================================================
[00:52:01] 03_suspected_infection       INFO   loading cohort ...
[00:52:01] utils                        INFO   loaded 02_cohort.parquet (65,241 rows, 4.5 MB)
[00:52:01] 03_suspected_infection       INFO   loading cohort done (0.0s)
[00:52:01] 03_suspected_infection       INFO   cohort: 65,241 stays, 65,241 unique hadm_ids
[00:52:01] 03_suspected_infection       INFO   loading antibiotic prescriptions (streaming) ...
[00:52:26] utils                        INFO   prescriptions: scanned 20,292,611 rows, kept 312,248 antibiotic rows
[00:52:26] 03_suspected_infection       INFO   loading antibiotic prescriptions (streaming) done (24.8s)
[00:52:26] 03_suspected_infection       INFO   antibiotics: 311,194 orders across 47,232 admissions
[00:52:26] 03_suspected_infection       INFO   loading culture draws ...
[00:52:30] utils                        INFO   excluding 49,948 surveillance-screen specimens (C, E, & A Screening, CRE Screen, Cipro Resistant Screen, MRSA SCREEN, SWAB - R/O YEAST, Staph aureus swab, Swab R/O Yeast Screen)
[00:52:31] utils                        INFO   cultures: 259,465 unique specimen draws in cohort
[00:52:31] 03_suspected_infection       INFO   loading culture draws done (4.6s)
[00:52:31] 03_suspected_infection       INFO   pairing antibiotics x cultures (Sepsis-3 windows) ...
[00:52:31] utils                        INFO   raw abxxculture pairs in cohort: 3,976,790
[00:52:31] utils                        INFO   after ICU-window filter: 1,779,357 pairs
[00:52:31] utils                        INFO   qualifying pairs (within Sepsis-3 windows): 589,082
[00:52:31] 03_suspected_infection       INFO   pairing antibiotics x cultures (Sepsis-3 windows) done (0.4s)
[00:52:31] 03_suspected_infection       INFO   ============================================================
[00:52:31] 03_suspected_infection       INFO   suspected infection: 26,432 / 65,241 stays (40.5%)
[00:52:31] 03_suspected_infection       INFO   top culture types:
[00:52:31] 03_suspected_infection       INFO     BLOOD CULTURE                       10,152
[00:52:31] 03_suspected_infection       INFO     URINE                               8,050
[00:52:31] 03_suspected_infection       INFO     SPUTUM                              2,777
[00:52:31] 03_suspected_infection       INFO     STOOL                               913
[00:52:31] 03_suspected_infection       INFO     SWAB                                769
[00:52:31] 03_suspected_infection       INFO     Rapid Respiratory Viral Screen & Culture 390
[00:52:31] 03_suspected_infection       INFO     TISSUE                              366
[00:52:31] 03_suspected_infection       INFO     BRONCHOALVEOLAR LAVAGE              361
[00:52:31] 03_suspected_infection       INFO     SEROLOGY/BLOOD                      340
[00:52:31] 03_suspected_infection       INFO     CSF;SPINAL FLUID                    281
[00:52:31] 03_suspected_infection       INFO   top triggering antibiotics:
[00:52:31] 03_suspected_infection       INFO     Vancomycin                          6,084
[00:52:31] 03_suspected_infection       INFO     CefePIME                            2,513
[00:52:31] 03_suspected_infection       INFO     Piperacillin-Tazobactam             2,413
[00:52:31] 03_suspected_infection       INFO     CefazoLIN                           1,875
[00:52:31] 03_suspected_infection       INFO     CefTRIAXone                         1,711
[00:52:31] 03_suspected_infection       INFO     CeFAZolin                           1,608
[00:52:31] 03_suspected_infection       INFO     CeftriaXONE                         1,293
[00:52:31] 03_suspected_infection       INFO     Levofloxacin                        898
[00:52:31] 03_suspected_infection       INFO     MetRONIDAZOLE (FLagyl)              767
[00:52:31] 03_suspected_infection       INFO     Azithromycin                        711
[00:52:31] utils                        INFO   saved 03_suspected_infection.parquet (26,432 rows, 8 cols, 1.3 MB)
[03] exit 0  (30s)

============================================================
[04]  /Library/Frameworks/Python.framework/Versions/3.14/bin/python3 -u /Users/arif/Desktop/RESEARCH/projects/sepsis_mimic4/04_extract_measurements.py
============================================================
[00:52:31] 04_extract_measurements      INFO   loading cohort ...
[00:52:31] utils                        INFO   loaded 02_cohort.parquet (65,241 rows, 4.5 MB)
[00:52:31] 04_extract_measurements      INFO   loading cohort done (0.0s)
[00:52:31] 04_extract_measurements      INFO   cohort: 65,241 stays
[00:52:31] 04_extract_measurements      INFO   streaming chartevents ...

scan chartevents.csv.gz: 0chunk [00:00, ?chunk/s]
scan chartevents.csv.gz: 1chunk [00:00,  1.36chunk/s]
scan chartevents.csv.gz: 2chunk [00:01,  1.36chunk/s]
scan chartevents.csv.gz: 3chunk [00:02,  1.37chunk/s]
scan chartevents.csv.gz: 4chunk [00:02,  1.36chunk/s]
scan chartevents.csv.gz: 5chunk [00:03,  1.37chunk/s]
scan chartevents.csv.gz: 6chunk [00:04,  1.37chunk/s]
scan chartevents.csv.gz: 7chunk [00:05,  1.37chunk/s]
scan chartevents.csv.gz: 8chunk [00:05,  1.37chunk/s]
scan chartevents.csv.gz: 9chunk [00:06,  1.37chunk/s]
scan chartevents.csv.gz: 10chunk [00:07,  1.37chunk/s]
scan chartevents.csv.gz: 11chunk [00:08,  1.38chunk/s]
scan chartevents.csv.gz: 12chunk [00:08,  1.38chunk/s]
scan chartevents.csv.gz: 13chunk [00:09,  1.38chunk/s]
scan chartevents.csv.gz: 14chunk [00:10,  1.35chunk/s]
scan chartevents.csv.gz: 15chunk [00:10,  1.36chunk/s]
scan chartevents.csv.gz: 16chunk [00:11,  1.36chunk/s]
scan chartevents.csv.gz: 17chunk [00:12,  1.37chunk/s]
scan chartevents.csv.gz: 18chunk [00:13,  1.38chunk/s]
scan chartevents.csv.gz: 19chunk [00:13,  1.38chunk/s]
scan chartevents.csv.gz: 20chunk [00:14,  1.38chunk/s]
scan chartevents.csv.gz: 21chunk [00:15,  1.39chunk/s]
scan chartevents.csv.gz: 22chunk [00:16,  1.39chunk/s]
scan chartevents.csv.gz: 23chunk [00:16,  1.39chunk/s]
scan chartevents.csv.gz: 24chunk [00:17,  1.39chunk/s]
scan chartevents.csv.gz: 25chunk [00:18,  1.39chunk/s]
scan chartevents.csv.gz: 26chunk [00:18,  1.39chunk/s]
scan chartevents.csv.gz: 27chunk [00:19,  1.39chunk/s]
scan chartevents.csv.gz: 28chunk [00:20,  1.39chunk/s]
scan chartevents.csv.gz: 29chunk [00:21,  1.39chunk/s]
scan chartevents.csv.gz: 30chunk [00:21,  1.39chunk/s]
scan chartevents.csv.gz: 31chunk [00:22,  1.39chunk/s]
scan chartevents.csv.gz: 32chunk [00:23,  1.39chunk/s]
scan chartevents.csv.gz: 33chunk [00:23,  1.39chunk/s]
scan chartevents.csv.gz: 34chunk [00:24,  1.39chunk/s]
scan chartevents.csv.gz: 35chunk [00:25,  1.39chunk/s]
scan chartevents.csv.gz: 36chunk [00:26,  1.38chunk/s]
scan chartevents.csv.gz: 37chunk [00:26,  1.38chunk/s]
scan chartevents.csv.gz: 38chunk [00:27,  1.38chunk/s]
scan chartevents.csv.gz: 39chunk [00:28,  1.38chunk/s]
scan chartevents.csv.gz: 40chunk [00:28,  1.38chunk/s]
scan chartevents.csv.gz: 41chunk [00:29,  1.38chunk/s]
scan chartevents.csv.gz: 42chunk [00:30,  1.38chunk/s]
scan chartevents.csv.gz: 43chunk [00:31,  1.39chunk/s]
scan chartevents.csv.gz: 44chunk [00:31,  1.38chunk/s]
scan chartevents.csv.gz: 45chunk [00:32,  1.39chunk/s]
scan chartevents.csv.gz: 46chunk [00:33,  1.39chunk/s]
scan chartevents.csv.gz: 47chunk [00:34,  1.40chunk/s]
scan chartevents.csv.gz: 48chunk [00:34,  1.40chunk/s]
scan chartevents.csv.gz: 49chunk [00:35,  1.40chunk/s]
scan chartevents.csv.gz: 50chunk [00:36,  1.40chunk/s]
scan chartevents.csv.gz: 51chunk [00:36,  1.40chunk/s]
scan chartevents.csv.gz: 52chunk [00:37,  1.40chunk/s]
scan chartevents.csv.gz: 53chunk [00:38,  1.40chunk/s]
scan chartevents.csv.gz: 54chunk [00:39,  1.40chunk/s]
scan chartevents.csv.gz: 55chunk [00:39,  1.40chunk/s]
scan chartevents.csv.gz: 56chunk [00:40,  1.40chunk/s]
scan chartevents.csv.gz: 57chunk [00:41,  1.40chunk/s]
scan chartevents.csv.gz: 58chunk [00:41,  1.39chunk/s]
scan chartevents.csv.gz: 59chunk [00:42,  1.38chunk/s]
scan chartevents.csv.gz: 60chunk [00:43,  1.37chunk/s]
scan chartevents.csv.gz: 61chunk [00:44,  1.37chunk/s]
scan chartevents.csv.gz: 62chunk [00:44,  1.37chunk/s]
scan chartevents.csv.gz: 63chunk [00:45,  1.36chunk/s]
scan chartevents.csv.gz: 64chunk [00:46,  1.34chunk/s]
scan chartevents.csv.gz: 65chunk [00:47,  1.35chunk/s]
scan chartevents.csv.gz: 66chunk [00:47,  1.35chunk/s]
scan chartevents.csv.gz: 67chunk [00:48,  1.36chunk/s]
scan chartevents.csv.gz: 68chunk [00:49,  1.37chunk/s]
scan chartevents.csv.gz: 69chunk [00:50,  1.37chunk/s]
scan chartevents.csv.gz: 70chunk [00:50,  1.39chunk/s]
scan chartevents.csv.gz: 71chunk [00:51,  1.40chunk/s]
scan chartevents.csv.gz: 72chunk [00:52,  1.39chunk/s]
scan chartevents.csv.gz: 73chunk [00:52,  1.40chunk/s]
scan chartevents.csv.gz: 74chunk [00:53,  1.40chunk/s]
scan chartevents.csv.gz: 75chunk [00:54,  1.39chunk/s]
scan chartevents.csv.gz: 76chunk [00:55,  1.38chunk/s]
scan chartevents.csv.gz: 77chunk [00:55,  1.36chunk/s]
scan chartevents.csv.gz: 78chunk [00:56,  1.36chunk/s]
scan chartevents.csv.gz: 79chunk [00:57,  1.37chunk/s]
scan chartevents.csv.gz: 80chunk [00:57,  1.36chunk/s]
scan chartevents.csv.gz: 81chunk [00:58,  1.36chunk/s]
scan chartevents.csv.gz: 82chunk [00:59,  1.36chunk/s]
scan chartevents.csv.gz: 83chunk [01:00,  1.36chunk/s]
scan chartevents.csv.gz: 84chunk [01:00,  1.35chunk/s]
scan chartevents.csv.gz: 85chunk [01:01,  1.35chunk/s]
scan chartevents.csv.gz: 86chunk [01:02,  1.34chunk/s]
scan chartevents.csv.gz: 87chunk [01:03,  1.34chunk/s]
scan chartevents.csv.gz: 88chunk [01:03,  1.37chunk/s]
scan chartevents.csv.gz: 89chunk [01:04,  1.39chunk/s]
scan chartevents.csv.gz: 90chunk [01:05,  1.40chunk/s]
scan chartevents.csv.gz: 91chunk [01:06,  1.38chunk/s]
scan chartevents.csv.gz: 92chunk [01:06,  1.38chunk/s]
scan chartevents.csv.gz: 93chunk [01:07,  1.39chunk/s]
scan chartevents.csv.gz: 94chunk [01:08,  1.40chunk/s]
scan chartevents.csv.gz: 95chunk [01:08,  1.40chunk/s]
scan chartevents.csv.gz: 96chunk [01:09,  1.40chunk/s]
scan chartevents.csv.gz: 97chunk [01:10,  1.40chunk/s]
scan chartevents.csv.gz: 98chunk [01:11,  1.40chunk/s]
scan chartevents.csv.gz: 99chunk [01:11,  1.40chunk/s]
scan chartevents.csv.gz: 100chunk [01:12,  1.40chunk/s]
scan chartevents.csv.gz: 101chunk [01:13,  1.40chunk/s]
scan chartevents.csv.gz: 102chunk [01:13,  1.40chunk/s]
scan chartevents.csv.gz: 103chunk [01:14,  1.40chunk/s]
scan chartevents.csv.gz: 104chunk [01:15,  1.41chunk/s]
scan chartevents.csv.gz: 105chunk [01:15,  1.41chunk/s]
scan chartevents.csv.gz: 106chunk [01:16,  1.41chunk/s]
scan chartevents.csv.gz: 107chunk [01:17,  1.41chunk/s]
scan chartevents.csv.gz: 108chunk [01:18,  1.40chunk/s]
scan chartevents.csv.gz: 109chunk [01:18,  1.40chunk/s]
scan chartevents.csv.gz: 110chunk [01:19,  1.40chunk/s]
scan chartevents.csv.gz: 111chunk [01:20,  1.40chunk/s]
scan chartevents.csv.gz: 112chunk [01:21,  1.38chunk/s]
scan chartevents.csv.gz: 113chunk [01:21,  1.37chunk/s]
scan chartevents.csv.gz: 114chunk [01:22,  1.37chunk/s]
scan chartevents.csv.gz: 115chunk [01:23,  1.37chunk/s]
scan chartevents.csv.gz: 116chunk [01:23,  1.37chunk/s]
scan chartevents.csv.gz: 117chunk [01:24,  1.36chunk/s]
scan chartevents.csv.gz: 118chunk [01:25,  1.36chunk/s]
scan chartevents.csv.gz: 119chunk [01:26,  1.37chunk/s]
scan chartevents.csv.gz: 120chunk [01:26,  1.37chunk/s]
scan chartevents.csv.gz: 121chunk [01:27,  1.38chunk/s]
scan chartevents.csv.gz: 122chunk [01:28,  1.38chunk/s]
scan chartevents.csv.gz: 123chunk [01:29,  1.38chunk/s]
scan chartevents.csv.gz: 124chunk [01:29,  1.38chunk/s]
scan chartevents.csv.gz: 125chunk [01:30,  1.38chunk/s]
scan chartevents.csv.gz: 126chunk [01:31,  1.38chunk/s]
scan chartevents.csv.gz: 127chunk [01:31,  1.37chunk/s]
scan chartevents.csv.gz: 128chunk [01:32,  1.37chunk/s]
scan chartevents.csv.gz: 129chunk [01:33,  1.37chunk/s]
scan chartevents.csv.gz: 130chunk [01:34,  1.37chunk/s]
scan chartevents.csv.gz: 131chunk [01:34,  1.35chunk/s]
scan chartevents.csv.gz: 132chunk [01:35,  1.35chunk/s]
scan chartevents.csv.gz: 133chunk [01:36,  1.35chunk/s]
scan chartevents.csv.gz: 134chunk [01:37,  1.36chunk/s]
scan chartevents.csv.gz: 135chunk [01:37,  1.38chunk/s]
scan chartevents.csv.gz: 136chunk [01:38,  1.39chunk/s]
scan chartevents.csv.gz: 137chunk [01:39,  1.38chunk/s]
scan chartevents.csv.gz: 138chunk [01:39,  1.39chunk/s]
scan chartevents.csv.gz: 139chunk [01:40,  1.39chunk/s]
scan chartevents.csv.gz: 140chunk [01:41,  1.39chunk/s]
scan chartevents.csv.gz: 141chunk [01:42,  1.39chunk/s]
scan chartevents.csv.gz: 142chunk [01:42,  1.39chunk/s]
scan chartevents.csv.gz: 143chunk [01:43,  1.39chunk/s]
scan chartevents.csv.gz: 144chunk [01:44,  1.39chunk/s]
scan chartevents.csv.gz: 145chunk [01:45,  1.39chunk/s]
scan chartevents.csv.gz: 146chunk [01:45,  1.39chunk/s]
scan chartevents.csv.gz: 147chunk [01:46,  1.38chunk/s]
scan chartevents.csv.gz: 148chunk [01:47,  1.37chunk/s]
scan chartevents.csv.gz: 149chunk [01:47,  1.38chunk/s]
scan chartevents.csv.gz: 150chunk [01:48,  1.38chunk/s]
scan chartevents.csv.gz: 151chunk [01:49,  1.38chunk/s]
scan chartevents.csv.gz: 152chunk [01:50,  1.38chunk/s]
scan chartevents.csv.gz: 153chunk [01:50,  1.38chunk/s]
scan chartevents.csv.gz: 154chunk [01:51,  1.38chunk/s]
scan chartevents.csv.gz: 155chunk [01:52,  1.38chunk/s]
scan chartevents.csv.gz: 156chunk [01:53,  1.38chunk/s]
scan chartevents.csv.gz: 157chunk [01:53,  1.38chunk/s]
scan chartevents.csv.gz: 158chunk [01:54,  1.37chunk/s]
scan chartevents.csv.gz: 159chunk [01:55,  1.37chunk/s]
scan chartevents.csv.gz: 160chunk [01:55,  1.37chunk/s]
scan chartevents.csv.gz: 161chunk [01:56,  1.36chunk/s]
scan chartevents.csv.gz: 162chunk [01:57,  1.37chunk/s]
scan chartevents.csv.gz: 163chunk [01:58,  1.38chunk/s]
scan chartevents.csv.gz: 164chunk [01:58,  1.38chunk/s]
scan chartevents.csv.gz: 165chunk [01:59,  1.38chunk/s]
scan chartevents.csv.gz: 166chunk [02:00,  1.38chunk/s]
scan chartevents.csv.gz: 167chunk [02:01,  1.37chunk/s]
scan chartevents.csv.gz: 168chunk [02:01,  1.37chunk/s]
scan chartevents.csv.gz: 169chunk [02:02,  1.37chunk/s]
scan chartevents.csv.gz: 170chunk [02:03,  1.37chunk/s]
scan chartevents.csv.gz: 171chunk [02:03,  1.38chunk/s]
scan chartevents.csv.gz: 172chunk [02:04,  1.38chunk/s]
scan chartevents.csv.gz: 173chunk [02:05,  1.39chunk/s]
scan chartevents.csv.gz: 174chunk [02:06,  1.39chunk/s]
scan chartevents.csv.gz: 175chunk [02:06,  1.39chunk/s]
scan chartevents.csv.gz: 176chunk [02:07,  1.39chunk/s]
scan chartevents.csv.gz: 177chunk [02:08,  1.38chunk/s]
scan chartevents.csv.gz: 178chunk [02:08,  1.38chunk/s]
scan chartevents.csv.gz: 179chunk [02:09,  1.38chunk/s]
scan chartevents.csv.gz: 180chunk [02:10,  1.38chunk/s]
scan chartevents.csv.gz: 181chunk [02:11,  1.38chunk/s]
scan chartevents.csv.gz: 182chunk [02:11,  1.38chunk/s]
scan chartevents.csv.gz: 183chunk [02:12,  1.38chunk/s]
scan chartevents.csv.gz: 184chunk [02:13,  1.38chunk/s]
scan chartevents.csv.gz: 185chunk [02:14,  1.38chunk/s]
scan chartevents.csv.gz: 186chunk [02:14,  1.37chunk/s]
scan chartevents.csv.gz: 187chunk [02:15,  1.38chunk/s]
scan chartevents.csv.gz: 188chunk [02:16,  1.38chunk/s]
scan chartevents.csv.gz: 189chunk [02:16,  1.38chunk/s]
scan chartevents.csv.gz: 190chunk [02:17,  1.39chunk/s]
scan chartevents.csv.gz: 191chunk [02:18,  1.39chunk/s]
scan chartevents.csv.gz: 192chunk [02:19,  1.39chunk/s]
scan chartevents.csv.gz: 193chunk [02:19,  1.38chunk/s]
scan chartevents.csv.gz: 194chunk [02:20,  1.38chunk/s]
scan chartevents.csv.gz: 195chunk [02:21,  1.38chunk/s]
scan chartevents.csv.gz: 196chunk [02:22,  1.38chunk/s]
scan chartevents.csv.gz: 197chunk [02:22,  1.38chunk/s]
scan chartevents.csv.gz: 198chunk [02:23,  1.37chunk/s]
scan chartevents.csv.gz: 199chunk [02:24,  1.37chunk/s]
scan chartevents.csv.gz: 200chunk [02:24,  1.37chunk/s]
scan chartevents.csv.gz: 201chunk [02:25,  1.36chunk/s]
scan chartevents.csv.gz: 202chunk [02:26,  1.36chunk/s]
scan chartevents.csv.gz: 203chunk [02:27,  1.36chunk/s]
scan chartevents.csv.gz: 204chunk [02:27,  1.36chunk/s]
scan chartevents.csv.gz: 205chunk [02:28,  1.36chunk/s]
scan chartevents.csv.gz: 206chunk [02:29,  1.36chunk/s]
scan chartevents.csv.gz: 207chunk [02:30,  1.31chunk/s]
scan chartevents.csv.gz: 208chunk [02:30,  1.32chunk/s]
scan chartevents.csv.gz: 209chunk [02:31,  1.33chunk/s]
scan chartevents.csv.gz: 210chunk [02:32,  1.34chunk/s]
scan chartevents.csv.gz: 211chunk [02:33,  1.34chunk/s]
scan chartevents.csv.gz: 212chunk [02:33,  1.35chunk/s]
scan chartevents.csv.gz: 213chunk [02:34,  1.36chunk/s]
scan chartevents.csv.gz: 214chunk [02:35,  1.36chunk/s]
scan chartevents.csv.gz: 215chunk [02:36,  1.36chunk/s]
scan chartevents.csv.gz: 216chunk [02:36,  1.36chunk/s]
scan chartevents.csv.gz: 217chunk [02:37,  1.59chunk/s]
scan chartevents.csv.gz: 217chunk [02:37,  1.38chunk/s]
[00:55:09] utils                        INFO   stream chartevents.csv.gz: scanned 432,997,491 rows -> 65,171 stays x 12 itemids
[00:55:09] 04_extract_measurements      INFO   streaming chartevents done (157.3s)
[00:55:09] 04_extract_measurements      INFO   streaming labevents ...

scan labevents.csv.gz: 0chunk [00:00, ?chunk/s]
scan labevents.csv.gz: 1chunk [00:00,  1.20chunk/s]
scan labevents.csv.gz: 2chunk [00:01,  1.17chunk/s]
scan labevents.csv.gz: 3chunk [00:02,  1.19chunk/s]
scan labevents.csv.gz: 4chunk [00:03,  1.21chunk/s]
scan labevents.csv.gz: 5chunk [00:04,  1.22chunk/s]
scan labevents.csv.gz: 6chunk [00:04,  1.22chunk/s]
scan labevents.csv.gz: 7chunk [00:05,  1.23chunk/s]
scan labevents.csv.gz: 8chunk [00:06,  1.23chunk/s]
scan labevents.csv.gz: 9chunk [00:07,  1.23chunk/s]
scan labevents.csv.gz: 10chunk [00:08,  1.23chunk/s]
scan labevents.csv.gz: 11chunk [00:08,  1.24chunk/s]
scan labevents.csv.gz: 12chunk [00:09,  1.24chunk/s]
scan labevents.csv.gz: 13chunk [00:10,  1.24chunk/s]
scan labevents.csv.gz: 14chunk [00:11,  1.24chunk/s]
scan labevents.csv.gz: 15chunk [00:12,  1.24chunk/s]
scan labevents.csv.gz: 16chunk [00:13,  1.24chunk/s]
scan labevents.csv.gz: 17chunk [00:13,  1.24chunk/s]
scan labevents.csv.gz: 18chunk [00:14,  1.24chunk/s]
scan labevents.csv.gz: 19chunk [00:15,  1.24chunk/s]
scan labevents.csv.gz: 20chunk [00:16,  1.24chunk/s]
scan labevents.csv.gz: 21chunk [00:17,  1.24chunk/s]
scan labevents.csv.gz: 22chunk [00:17,  1.24chunk/s]
scan labevents.csv.gz: 23chunk [00:18,  1.24chunk/s]
scan labevents.csv.gz: 24chunk [00:19,  1.24chunk/s]
scan labevents.csv.gz: 25chunk [00:20,  1.24chunk/s]
scan labevents.csv.gz: 26chunk [00:21,  1.24chunk/s]
scan labevents.csv.gz: 27chunk [00:21,  1.24chunk/s]
scan labevents.csv.gz: 28chunk [00:22,  1.24chunk/s]
scan labevents.csv.gz: 29chunk [00:23,  1.24chunk/s]
scan labevents.csv.gz: 30chunk [00:24,  1.23chunk/s]
scan labevents.csv.gz: 31chunk [00:25,  1.23chunk/s]
scan labevents.csv.gz: 32chunk [00:25,  1.23chunk/s]
scan labevents.csv.gz: 33chunk [00:26,  1.23chunk/s]
scan labevents.csv.gz: 34chunk [00:27,  1.23chunk/s]
scan labevents.csv.gz: 35chunk [00:28,  1.22chunk/s]
scan labevents.csv.gz: 36chunk [00:29,  1.22chunk/s]
scan labevents.csv.gz: 37chunk [00:30,  1.22chunk/s]
scan labevents.csv.gz: 38chunk [00:30,  1.21chunk/s]
scan labevents.csv.gz: 39chunk [00:31,  1.21chunk/s]
scan labevents.csv.gz: 40chunk [00:32,  1.21chunk/s]
scan labevents.csv.gz: 41chunk [00:33,  1.21chunk/s]
scan labevents.csv.gz: 42chunk [00:34,  1.21chunk/s]
scan labevents.csv.gz: 43chunk [00:35,  1.21chunk/s]
scan labevents.csv.gz: 44chunk [00:35,  1.22chunk/s]
scan labevents.csv.gz: 45chunk [00:36,  1.22chunk/s]
scan labevents.csv.gz: 46chunk [00:37,  1.22chunk/s]
scan labevents.csv.gz: 47chunk [00:38,  1.23chunk/s]
scan labevents.csv.gz: 48chunk [00:39,  1.23chunk/s]
scan labevents.csv.gz: 49chunk [00:39,  1.23chunk/s]
scan labevents.csv.gz: 50chunk [00:40,  1.23chunk/s]
scan labevents.csv.gz: 51chunk [00:41,  1.23chunk/s]
scan labevents.csv.gz: 52chunk [00:42,  1.23chunk/s]
scan labevents.csv.gz: 53chunk [00:43,  1.24chunk/s]
scan labevents.csv.gz: 54chunk [00:43,  1.24chunk/s]
scan labevents.csv.gz: 55chunk [00:44,  1.24chunk/s]
scan labevents.csv.gz: 56chunk [00:45,  1.24chunk/s]
scan labevents.csv.gz: 57chunk [00:46,  1.24chunk/s]
scan labevents.csv.gz: 58chunk [00:47,  1.24chunk/s]
scan labevents.csv.gz: 59chunk [00:47,  1.24chunk/s]
scan labevents.csv.gz: 60chunk [00:48,  1.24chunk/s]
scan labevents.csv.gz: 61chunk [00:49,  1.25chunk/s]
scan labevents.csv.gz: 62chunk [00:50,  1.24chunk/s]
scan labevents.csv.gz: 63chunk [00:51,  1.23chunk/s]
scan labevents.csv.gz: 64chunk [00:52,  1.22chunk/s]
scan labevents.csv.gz: 65chunk [00:52,  1.21chunk/s]
scan labevents.csv.gz: 66chunk [00:53,  1.21chunk/s]
scan labevents.csv.gz: 67chunk [00:54,  1.21chunk/s]
scan labevents.csv.gz: 68chunk [00:55,  1.21chunk/s]
scan labevents.csv.gz: 69chunk [00:56,  1.22chunk/s]
scan labevents.csv.gz: 70chunk [00:56,  1.22chunk/s]
scan labevents.csv.gz: 71chunk [00:57,  1.22chunk/s]
scan labevents.csv.gz: 72chunk [00:58,  1.23chunk/s]
scan labevents.csv.gz: 73chunk [00:59,  1.23chunk/s]
scan labevents.csv.gz: 74chunk [01:00,  1.23chunk/s]
scan labevents.csv.gz: 75chunk [01:01,  1.23chunk/s]
scan labevents.csv.gz: 76chunk [01:01,  1.23chunk/s]
scan labevents.csv.gz: 77chunk [01:02,  1.23chunk/s]
scan labevents.csv.gz: 78chunk [01:03,  1.23chunk/s]
scan labevents.csv.gz: 79chunk [01:04,  1.23chunk/s]
scan labevents.csv.gz: 80chunk [01:04,  1.62chunk/s]
scan labevents.csv.gz: 80chunk [01:04,  1.24chunk/s]
[00:56:13] utils                        INFO   stream labevents.csv.gz: scanned 158,374,764 rows -> 64,032 stays x 7 itemids
[00:56:13] 04_extract_measurements      INFO   streaming labevents done (64.5s)
[00:56:13] 04_extract_measurements      INFO   assembling per-stay features ...
[00:56:13] 04_extract_measurements      INFO   assembling per-stay features done (0.1s)
[00:56:13] 04_extract_measurements      INFO   loading vasopressors (inputevents) ...
[00:56:24] 04_extract_measurements      INFO   loading vasopressors (inputevents) done (10.9s)
[00:56:24] 04_extract_measurements      INFO   loading urine output (outputevents) ...
[00:56:27] 04_extract_measurements      INFO   loading urine output (outputevents) done (2.3s)
[00:56:27] 04_extract_measurements      INFO   ============================================================
[00:56:27] 04_extract_measurements      INFO   stay_measurements: 65,241 stays
[00:56:27] 04_extract_measurements      INFO     lactate present:   38,579 (59.1%)
[00:56:27] 04_extract_measurements      INFO     GCS present:       64,965 (99.6%)
[00:56:27] 04_extract_measurements      INFO     P/F ratio present: 27,250 (41.8%)
[00:56:27] 04_extract_measurements      INFO     any vasopressor:   17,097
[00:56:27] utils                        INFO   saved 04_stay_measurements.parquet (65,241 rows, 42 cols, 6.0 MB)
[04] exit 0  (236s)

============================================================
[05]  /Library/Frameworks/Python.framework/Versions/3.14/bin/python3 -u /Users/arif/Desktop/RESEARCH/projects/sepsis_mimic4/05_sofa_sepsis3.py
============================================================
[00:56:27] 05_sofa_sepsis3              INFO   loading stay_measurements + suspected_infection ...
[00:56:27] utils                        INFO   loaded 04_stay_measurements.parquet (65,241 rows, 6.0 MB)
[00:56:27] utils                        INFO   loaded 03_suspected_infection.parquet (26,432 rows, 1.3 MB)
[00:56:27] 05_sofa_sepsis3              INFO   loading stay_measurements + suspected_infection done (0.0s)
[00:56:27] 05_sofa_sepsis3              INFO   scoring SOFA components ...
[00:56:27] 05_sofa_sepsis3              INFO   scoring SOFA components done (0.0s)
[00:56:27] 05_sofa_sepsis3              INFO   applying Sepsis-3 labels ...
[00:56:27] 05_sofa_sepsis3              INFO   applying Sepsis-3 labels done (0.0s)
[00:56:27] 05_sofa_sepsis3              INFO   ============================================================
[00:56:27] 05_sofa_sepsis3              INFO   FINAL: 65,241 ICU stays
[00:56:27] 05_sofa_sepsis3              INFO     suspected infection: 26,432 (40.5%)
[00:56:27] 05_sofa_sepsis3              INFO     SOFA total median: 5 [p25 2, p75 10]
[00:56:27] 05_sofa_sepsis3              INFO     Sepsis-3 positive: 24,203 (37.1%)
[00:56:27] 05_sofa_sepsis3              INFO     septic shock: 6,018 (9.2%)
[00:56:27] 05_sofa_sepsis3              INFO     mortality by group (in-hospital):
[00:56:27] 05_sofa_sepsis3              INFO       no sepsis  n=41,038  mortality=6.1%  SOFA=4.5
[00:56:27] 05_sofa_sepsis3              INFO       sepsis-3   n=24,203  mortality=18.7%  SOFA=8.5
[00:56:27] 05_sofa_sepsis3              INFO     SOFA component means (septic vs not):
[00:56:27] 05_sofa_sepsis3              INFO       sofa_resp    septic=2.03  non=0.90
[00:56:27] 05_sofa_sepsis3              INFO       sofa_coag    septic=0.72  non=0.41
[00:56:27] 05_sofa_sepsis3              INFO       sofa_liver   septic=0.47  non=0.12
[00:56:27] 05_sofa_sepsis3              INFO       sofa_cardio  septic=1.87  non=1.11
[00:56:27] 05_sofa_sepsis3              INFO       sofa_cns     septic=2.33  non=1.42
[00:56:27] 05_sofa_sepsis3              INFO       sofa_renal   septic=1.08  non=0.58
[00:56:27] utils                        INFO   saved 05_analysis_matrix.parquet (65,241 rows, 52 cols, 6.2 MB)
[05] exit 0  (1s)

============================================================
[06]  Rscript -e rmarkdown::render('06_statistical_report.Rmd')
============================================================


processing file: 06_statistical_report.Rmd
1/83                      
2/83 [setup]              
3/83                      
4/83 [load-data]          
5/83                      
6/83 [class-counts]       
7/83                      
8/83 [eda-summary]        
9/83                      
10/83 [eda-boxplots]       
11/83                      
12/83 [eda-density]        
13/83                      
14/83 [t-test]             
15/83                      
16/83 [wilcoxon]           
17/83                      
18/83 [chisq]              
19/83                      
20/83 [mle]                
21/83                      
22/83 [correlation-check]  
23/83                      
24/83 [glm-models]         
25/83                      
26/83 [glm-table]          
27/83                      
28/83 [odds-ratios]        
29/83                      
30/83 [aic-table]          
31/83                      
32/83 [bandwidth]          
33/83                      
34/83 [kde]                
35/83                      
36/83 [mixture]            
37/83                      
38/83 [mixture-accuracy]   
39/83                      
40/83 [mh-sampler]         
41/83                      
42/83 [mh-run]             
43/83                      
44/83 [mh-diag]            
45/83                      
46/83 [gelman]             
47/83                      
48/83 [mh-summary]         
49/83                      
50/83 [hmm-fit]            
51/83                      
52/83 [hmm-bic-table]      
53/83                      
54/83 [hmm-params]         
55/83                      
56/83 [hmm-emissions-table]
57/83                      
58/83 [hmm-trans-table]    
59/83                      
60/83 [hmm-accuracy]       
61/83                      
62/83 [cv-auc]             
63/83                      
64/83 [cv-auc-table]       
65/83                      
66/83 [calibration]        
67/83                      
68/83 [pr-decision]        
69/83                      
70/83 [gam]                
71/83                      
72/83 [vif]                
73/83                      
74/83 [missingness]        
75/83                      
76/83 [mice]               
77/83                      
78/83 [mice-table]         
79/83                      
80/83 [export-values]      
81/83                      
82/83 [export-figures]     
83/83                      
output file: 06_statistical_report.knit.md

/opt/homebrew/bin/pandoc +RTS -K512m -RTS 06_statistical_report.knit.md --to latex --from markdown+autolink_bare_uris+tex_math_single_backslash --output 06_statistical_report.tex --lua-filter /Library/Frameworks/R.framework/Versions/4.5-arm64/Resources/library/bookdown/rmarkdown/lua/custom-environment.lua --lua-filter /Library/Frameworks/R.framework/Versions/4.5-arm64/Resources/library/rmarkdown/rmarkdown/lua/pagebreak.lua --lua-filter /Library/Frameworks/R.framework/Versions/4.5-arm64/Resources/library/rmarkdown/rmarkdown/lua/latex-div.lua --embed-resources --standalone --table-of-contents --toc-depth 3 --number-sections --highlight-style tango --pdf-engine pdflatex --variable graphics --wrap preserve --include-in-header /var/folders/hw/5c3y265s6vn1mwfmmwv2d7w80000gn/T//RtmpIz5Y8d/rmarkdown-str367e5e9b5ec0.html --include-in-header /var/folders/hw/5c3y265s6vn1mwfmmwv2d7w80000gn/T//RtmpIz5Y8d/rmarkdown-str367e2a69bfc6.html --variable tables=yes --standalone -Mhas-frontmatter=false 
[WARNING] Deprecated: --highlight-style. Use --syntax-highlighting instead.

Output created: 06_statistical_report.pdf
[06] exit 0  (21s)

============================================================
[07]  /Library/Frameworks/Python.framework/Versions/3.14/bin/python3 -u /Users/arif/Desktop/RESEARCH/projects/sepsis_mimic4/07_hourly_panel.py
============================================================
[00:56:49] 07_hourly_panel              INFO   loading cohort ...
[00:56:49] utils                        INFO   loaded 02_cohort.parquet (65,241 rows, 4.5 MB)
[00:56:49] 07_hourly_panel              INFO   loading cohort done (0.0s)
[00:56:49] 07_hourly_panel              INFO   cohort: 65,241 stays; horizon 72h
[00:56:49] 07_hourly_panel              INFO   streaming chartevents ...

scan chartevents.csv.gz: 0chunk [00:00, ?chunk/s]
scan chartevents.csv.gz: 1chunk [00:00,  1.29chunk/s]
scan chartevents.csv.gz: 2chunk [00:01,  1.26chunk/s]
scan chartevents.csv.gz: 3chunk [00:02,  1.28chunk/s]
scan chartevents.csv.gz: 4chunk [00:03,  1.29chunk/s]
scan chartevents.csv.gz: 5chunk [00:03,  1.30chunk/s]
scan chartevents.csv.gz: 6chunk [00:04,  1.30chunk/s]
scan chartevents.csv.gz: 7chunk [00:05,  1.30chunk/s]
scan chartevents.csv.gz: 8chunk [00:06,  1.31chunk/s]
scan chartevents.csv.gz: 9chunk [00:06,  1.31chunk/s]
scan chartevents.csv.gz: 10chunk [00:07,  1.31chunk/s]
scan chartevents.csv.gz: 11chunk [00:08,  1.31chunk/s]
scan chartevents.csv.gz: 12chunk [00:09,  1.31chunk/s]
scan chartevents.csv.gz: 13chunk [00:09,  1.32chunk/s]
scan chartevents.csv.gz: 14chunk [00:10,  1.32chunk/s]
scan chartevents.csv.gz: 15chunk [00:11,  1.32chunk/s]
scan chartevents.csv.gz: 16chunk [00:12,  1.32chunk/s]
scan chartevents.csv.gz: 17chunk [00:12,  1.32chunk/s]
scan chartevents.csv.gz: 18chunk [00:13,  1.32chunk/s]
scan chartevents.csv.gz: 19chunk [00:14,  1.32chunk/s]
scan chartevents.csv.gz: 20chunk [00:15,  1.31chunk/s]
scan chartevents.csv.gz: 21chunk [00:16,  1.31chunk/s]
scan chartevents.csv.gz: 22chunk [00:16,  1.31chunk/s]
scan chartevents.csv.gz: 23chunk [00:17,  1.31chunk/s]
scan chartevents.csv.gz: 24chunk [00:18,  1.31chunk/s]
scan chartevents.csv.gz: 25chunk [00:19,  1.31chunk/s]
scan chartevents.csv.gz: 26chunk [00:19,  1.30chunk/s]
scan chartevents.csv.gz: 27chunk [00:20,  1.30chunk/s]
scan chartevents.csv.gz: 28chunk [00:21,  1.30chunk/s]
scan chartevents.csv.gz: 29chunk [00:22,  1.30chunk/s]
scan chartevents.csv.gz: 30chunk [00:22,  1.30chunk/s]
scan chartevents.csv.gz: 31chunk [00:23,  1.30chunk/s]
scan chartevents.csv.gz: 32chunk [00:24,  1.30chunk/s]
scan chartevents.csv.gz: 33chunk [00:25,  1.31chunk/s]
scan chartevents.csv.gz: 34chunk [00:26,  1.31chunk/s]
scan chartevents.csv.gz: 35chunk [00:26,  1.31chunk/s]
scan chartevents.csv.gz: 36chunk [00:27,  1.31chunk/s]
scan chartevents.csv.gz: 37chunk [00:28,  1.31chunk/s]
scan chartevents.csv.gz: 38chunk [00:29,  1.31chunk/s]
scan chartevents.csv.gz: 39chunk [00:29,  1.32chunk/s]
scan chartevents.csv.gz: 40chunk [00:30,  1.19chunk/s]
scan chartevents.csv.gz: 41chunk [00:31,  1.23chunk/s]
scan chartevents.csv.gz: 42chunk [00:32,  1.25chunk/s]
scan chartevents.csv.gz: 43chunk [00:33,  1.27chunk/s]
scan chartevents.csv.gz: 44chunk [00:33,  1.28chunk/s]
scan chartevents.csv.gz: 45chunk [00:34,  1.29chunk/s]
scan chartevents.csv.gz: 46chunk [00:35,  1.30chunk/s]
scan chartevents.csv.gz: 47chunk [00:36,  1.31chunk/s]
scan chartevents.csv.gz: 48chunk [00:36,  1.31chunk/s]
scan chartevents.csv.gz: 49chunk [00:37,  1.31chunk/s]
scan chartevents.csv.gz: 50chunk [00:38,  1.31chunk/s]
scan chartevents.csv.gz: 51chunk [00:39,  1.31chunk/s]
scan chartevents.csv.gz: 52chunk [00:39,  1.31chunk/s]
scan chartevents.csv.gz: 53chunk [00:40,  1.31chunk/s]
scan chartevents.csv.gz: 54chunk [00:41,  1.31chunk/s]
scan chartevents.csv.gz: 55chunk [00:42,  1.32chunk/s]
scan chartevents.csv.gz: 56chunk [00:43,  1.31chunk/s]
scan chartevents.csv.gz: 57chunk [00:43,  1.32chunk/s]
scan chartevents.csv.gz: 58chunk [00:44,  1.31chunk/s]
scan chartevents.csv.gz: 59chunk [00:45,  1.31chunk/s]
scan chartevents.csv.gz: 60chunk [00:46,  1.31chunk/s]
scan chartevents.csv.gz: 61chunk [00:46,  1.31chunk/s]
scan chartevents.csv.gz: 62chunk [00:47,  1.31chunk/s]
scan chartevents.csv.gz: 63chunk [00:48,  1.31chunk/s]
scan chartevents.csv.gz: 64chunk [00:49,  1.31chunk/s]
scan chartevents.csv.gz: 65chunk [00:49,  1.31chunk/s]
scan chartevents.csv.gz: 66chunk [00:50,  1.31chunk/s]
scan chartevents.csv.gz: 67chunk [00:51,  1.31chunk/s]
scan chartevents.csv.gz: 68chunk [00:52,  1.31chunk/s]
scan chartevents.csv.gz: 69chunk [00:52,  1.31chunk/s]
scan chartevents.csv.gz: 70chunk [00:53,  1.31chunk/s]
scan chartevents.csv.gz: 71chunk [00:54,  1.31chunk/s]
scan chartevents.csv.gz: 72chunk [00:55,  1.31chunk/s]
scan chartevents.csv.gz: 73chunk [00:55,  1.31chunk/s]
scan chartevents.csv.gz: 74chunk [00:56,  1.31chunk/s]
scan chartevents.csv.gz: 75chunk [00:57,  1.31chunk/s]
scan chartevents.csv.gz: 76chunk [00:58,  1.31chunk/s]
scan chartevents.csv.gz: 77chunk [00:59,  1.31chunk/s]
scan chartevents.csv.gz: 78chunk [00:59,  1.31chunk/s]
scan chartevents.csv.gz: 79chunk [01:01,  1.08chunk/s]
scan chartevents.csv.gz: 80chunk [01:01,  1.14chunk/s]
scan chartevents.csv.gz: 81chunk [01:02,  1.18chunk/s]
scan chartevents.csv.gz: 82chunk [01:03,  1.22chunk/s]
scan chartevents.csv.gz: 83chunk [01:04,  1.24chunk/s]
scan chartevents.csv.gz: 84chunk [01:04,  1.25chunk/s]
scan chartevents.csv.gz: 85chunk [01:05,  1.26chunk/s]
scan chartevents.csv.gz: 86chunk [01:06,  1.27chunk/s]
scan chartevents.csv.gz: 87chunk [01:07,  1.28chunk/s]
scan chartevents.csv.gz: 88chunk [01:08,  1.29chunk/s]
scan chartevents.csv.gz: 89chunk [01:08,  1.29chunk/s]
scan chartevents.csv.gz: 90chunk [01:09,  1.30chunk/s]
scan chartevents.csv.gz: 91chunk [01:10,  1.30chunk/s]
scan chartevents.csv.gz: 92chunk [01:11,  1.30chunk/s]
scan chartevents.csv.gz: 93chunk [01:11,  1.30chunk/s]
scan chartevents.csv.gz: 94chunk [01:12,  1.30chunk/s]
scan chartevents.csv.gz: 95chunk [01:13,  1.30chunk/s]
scan chartevents.csv.gz: 96chunk [01:14,  1.31chunk/s]
scan chartevents.csv.gz: 97chunk [01:14,  1.31chunk/s]
scan chartevents.csv.gz: 98chunk [01:15,  1.31chunk/s]
scan chartevents.csv.gz: 99chunk [01:16,  1.31chunk/s]
scan chartevents.csv.gz: 100chunk [01:17,  1.31chunk/s]
scan chartevents.csv.gz: 101chunk [01:17,  1.31chunk/s]
scan chartevents.csv.gz: 102chunk [01:18,  1.32chunk/s]
scan chartevents.csv.gz: 103chunk [01:19,  1.31chunk/s]
scan chartevents.csv.gz: 104chunk [01:20,  1.32chunk/s]
scan chartevents.csv.gz: 105chunk [01:21,  1.32chunk/s]
scan chartevents.csv.gz: 106chunk [01:21,  1.32chunk/s]
scan chartevents.csv.gz: 107chunk [01:22,  1.32chunk/s]
scan chartevents.csv.gz: 108chunk [01:23,  1.31chunk/s]
scan chartevents.csv.gz: 109chunk [01:24,  1.31chunk/s]
scan chartevents.csv.gz: 110chunk [01:24,  1.31chunk/s]
scan chartevents.csv.gz: 111chunk [01:25,  1.31chunk/s]
scan chartevents.csv.gz: 112chunk [01:26,  1.31chunk/s]
scan chartevents.csv.gz: 113chunk [01:27,  1.31chunk/s]
scan chartevents.csv.gz: 114chunk [01:27,  1.31chunk/s]
scan chartevents.csv.gz: 115chunk [01:28,  1.31chunk/s]
scan chartevents.csv.gz: 116chunk [01:29,  1.31chunk/s]
scan chartevents.csv.gz: 117chunk [01:30,  1.31chunk/s]
scan chartevents.csv.gz: 118chunk [01:31,  1.08s/chunk]
scan chartevents.csv.gz: 119chunk [01:32,  1.01chunk/s]
scan chartevents.csv.gz: 120chunk [01:33,  1.09chunk/s]
scan chartevents.csv.gz: 121chunk [01:34,  1.15chunk/s]
scan chartevents.csv.gz: 122chunk [01:35,  1.19chunk/s]
scan chartevents.csv.gz: 123chunk [01:35,  1.23chunk/s]
scan chartevents.csv.gz: 124chunk [01:36,  1.25chunk/s]
scan chartevents.csv.gz: 125chunk [01:37,  1.27chunk/s]
scan chartevents.csv.gz: 126chunk [01:38,  1.28chunk/s]
scan chartevents.csv.gz: 127chunk [01:38,  1.29chunk/s]
scan chartevents.csv.gz: 128chunk [01:39,  1.30chunk/s]
scan chartevents.csv.gz: 129chunk [01:40,  1.31chunk/s]
scan chartevents.csv.gz: 130chunk [01:41,  1.31chunk/s]
scan chartevents.csv.gz: 131chunk [01:41,  1.31chunk/s]
scan chartevents.csv.gz: 132chunk [01:42,  1.31chunk/s]
scan chartevents.csv.gz: 133chunk [01:43,  1.30chunk/s]
scan chartevents.csv.gz: 134chunk [01:44,  1.27chunk/s]
scan chartevents.csv.gz: 135chunk [01:45,  1.28chunk/s]
scan chartevents.csv.gz: 136chunk [01:45,  1.29chunk/s]
scan chartevents.csv.gz: 137chunk [01:46,  1.30chunk/s]
scan chartevents.csv.gz: 138chunk [01:47,  1.30chunk/s]
scan chartevents.csv.gz: 139chunk [01:48,  1.30chunk/s]
scan chartevents.csv.gz: 140chunk [01:48,  1.30chunk/s]
scan chartevents.csv.gz: 141chunk [01:49,  1.30chunk/s]
scan chartevents.csv.gz: 142chunk [01:50,  1.31chunk/s]
scan chartevents.csv.gz: 143chunk [01:51,  1.30chunk/s]
scan chartevents.csv.gz: 144chunk [01:51,  1.30chunk/s]
scan chartevents.csv.gz: 145chunk [01:52,  1.30chunk/s]
scan chartevents.csv.gz: 146chunk [01:53,  1.31chunk/s]
scan chartevents.csv.gz: 147chunk [01:54,  1.31chunk/s]
scan chartevents.csv.gz: 148chunk [01:54,  1.32chunk/s]
scan chartevents.csv.gz: 149chunk [01:55,  1.32chunk/s]
scan chartevents.csv.gz: 150chunk [01:56,  1.33chunk/s]
scan chartevents.csv.gz: 151chunk [01:57,  1.33chunk/s]
scan chartevents.csv.gz: 152chunk [01:57,  1.32chunk/s]
scan chartevents.csv.gz: 153chunk [01:58,  1.32chunk/s]
scan chartevents.csv.gz: 154chunk [01:59,  1.32chunk/s]
scan chartevents.csv.gz: 155chunk [02:00,  1.32chunk/s]
scan chartevents.csv.gz: 156chunk [02:00,  1.32chunk/s]
scan chartevents.csv.gz: 157chunk [02:03,  1.15s/chunk]
scan chartevents.csv.gz: 158chunk [02:03,  1.04s/chunk]
scan chartevents.csv.gz: 159chunk [02:04,  1.04chunk/s]
scan chartevents.csv.gz: 160chunk [02:05,  1.11chunk/s]
scan chartevents.csv.gz: 161chunk [02:06,  1.16chunk/s]
scan chartevents.csv.gz: 162chunk [02:06,  1.21chunk/s]
scan chartevents.csv.gz: 163chunk [02:07,  1.24chunk/s]
scan chartevents.csv.gz: 164chunk [02:08,  1.26chunk/s]
scan chartevents.csv.gz: 165chunk [02:09,  1.27chunk/s]
scan chartevents.csv.gz: 166chunk [02:09,  1.29chunk/s]
scan chartevents.csv.gz: 167chunk [02:10,  1.30chunk/s]
scan chartevents.csv.gz: 168chunk [02:11,  1.30chunk/s]
scan chartevents.csv.gz: 169chunk [02:12,  1.31chunk/s]
scan chartevents.csv.gz: 170chunk [02:12,  1.31chunk/s]
scan chartevents.csv.gz: 171chunk [02:13,  1.31chunk/s]
scan chartevents.csv.gz: 172chunk [02:14,  1.30chunk/s]
scan chartevents.csv.gz: 173chunk [02:15,  1.31chunk/s]
scan chartevents.csv.gz: 174chunk [02:16,  1.30chunk/s]
scan chartevents.csv.gz: 175chunk [02:16,  1.30chunk/s]
scan chartevents.csv.gz: 176chunk [02:17,  1.27chunk/s]
scan chartevents.csv.gz: 177chunk [02:18,  1.27chunk/s]
scan chartevents.csv.gz: 178chunk [02:19,  1.29chunk/s]
scan chartevents.csv.gz: 179chunk [02:19,  1.29chunk/s]
scan chartevents.csv.gz: 180chunk [02:20,  1.30chunk/s]
scan chartevents.csv.gz: 181chunk [02:21,  1.31chunk/s]
scan chartevents.csv.gz: 182chunk [02:22,  1.31chunk/s]
scan chartevents.csv.gz: 183chunk [02:22,  1.32chunk/s]
scan chartevents.csv.gz: 184chunk [02:23,  1.33chunk/s]
scan chartevents.csv.gz: 185chunk [02:24,  1.33chunk/s]
scan chartevents.csv.gz: 186chunk [02:25,  1.33chunk/s]
scan chartevents.csv.gz: 187chunk [02:25,  1.33chunk/s]
scan chartevents.csv.gz: 188chunk [02:26,  1.33chunk/s]
scan chartevents.csv.gz: 189chunk [02:27,  1.33chunk/s]
scan chartevents.csv.gz: 190chunk [02:28,  1.33chunk/s]
scan chartevents.csv.gz: 191chunk [02:28,  1.32chunk/s]
scan chartevents.csv.gz: 192chunk [02:29,  1.32chunk/s]
scan chartevents.csv.gz: 193chunk [02:30,  1.32chunk/s]
scan chartevents.csv.gz: 194chunk [02:31,  1.32chunk/s]
scan chartevents.csv.gz: 195chunk [02:32,  1.32chunk/s]
scan chartevents.csv.gz: 196chunk [02:34,  1.30s/chunk]
scan chartevents.csv.gz: 197chunk [02:35,  1.14s/chunk]
scan chartevents.csv.gz: 198chunk [02:36,  1.02s/chunk]
scan chartevents.csv.gz: 199chunk [02:36,  1.07chunk/s]
scan chartevents.csv.gz: 200chunk [02:37,  1.14chunk/s]
scan chartevents.csv.gz: 201chunk [02:38,  1.20chunk/s]
scan chartevents.csv.gz: 202chunk [02:39,  1.24chunk/s]
scan chartevents.csv.gz: 203chunk [02:39,  1.27chunk/s]
scan chartevents.csv.gz: 204chunk [02:40,  1.29chunk/s]
scan chartevents.csv.gz: 205chunk [02:41,  1.30chunk/s]
scan chartevents.csv.gz: 206chunk [02:42,  1.31chunk/s]
scan chartevents.csv.gz: 207chunk [02:42,  1.33chunk/s]
scan chartevents.csv.gz: 208chunk [02:43,  1.34chunk/s]
scan chartevents.csv.gz: 209chunk [02:44,  1.36chunk/s]
scan chartevents.csv.gz: 210chunk [02:44,  1.36chunk/s]
scan chartevents.csv.gz: 211chunk [02:45,  1.36chunk/s]
scan chartevents.csv.gz: 212chunk [02:46,  1.36chunk/s]
scan chartevents.csv.gz: 213chunk [02:47,  1.36chunk/s]
scan chartevents.csv.gz: 214chunk [02:47,  1.36chunk/s]
scan chartevents.csv.gz: 215chunk [02:48,  1.37chunk/s]
scan chartevents.csv.gz: 216chunk [02:49,  1.37chunk/s]
scan chartevents.csv.gz: 217chunk [02:49,  1.61chunk/s]
scan chartevents.csv.gz: 217chunk [02:49,  1.28chunk/s]
[00:59:39] utils                        INFO   chartevents.csv.gz: scanned 432,997,491 rows
[00:59:40] 07_hourly_panel              INFO   streaming chartevents done (171.3s)
[00:59:40] 07_hourly_panel              INFO   streaming labevents ...

scan labevents.csv.gz: 0chunk [00:00, ?chunk/s]
scan labevents.csv.gz: 1chunk [00:00,  1.15chunk/s]
scan labevents.csv.gz: 2chunk [00:01,  1.12chunk/s]
scan labevents.csv.gz: 3chunk [00:02,  1.16chunk/s]
scan labevents.csv.gz: 4chunk [00:03,  1.19chunk/s]
scan labevents.csv.gz: 5chunk [00:04,  1.21chunk/s]
scan labevents.csv.gz: 6chunk [00:05,  1.22chunk/s]
scan labevents.csv.gz: 7chunk [00:05,  1.23chunk/s]
scan labevents.csv.gz: 8chunk [00:06,  1.25chunk/s]
scan labevents.csv.gz: 9chunk [00:07,  1.25chunk/s]
scan labevents.csv.gz: 10chunk [00:08,  1.25chunk/s]
scan labevents.csv.gz: 11chunk [00:08,  1.26chunk/s]
scan labevents.csv.gz: 12chunk [00:09,  1.27chunk/s]
scan labevents.csv.gz: 13chunk [00:10,  1.27chunk/s]
scan labevents.csv.gz: 14chunk [00:11,  1.27chunk/s]
scan labevents.csv.gz: 15chunk [00:12,  1.27chunk/s]
scan labevents.csv.gz: 16chunk [00:12,  1.27chunk/s]
scan labevents.csv.gz: 17chunk [00:13,  1.26chunk/s]
scan labevents.csv.gz: 18chunk [00:14,  1.26chunk/s]
scan labevents.csv.gz: 19chunk [00:15,  1.25chunk/s]
scan labevents.csv.gz: 20chunk [00:16,  1.25chunk/s]
scan labevents.csv.gz: 21chunk [00:16,  1.26chunk/s]
scan labevents.csv.gz: 22chunk [00:17,  1.26chunk/s]
scan labevents.csv.gz: 23chunk [00:18,  1.26chunk/s]
scan labevents.csv.gz: 24chunk [00:19,  1.27chunk/s]
scan labevents.csv.gz: 25chunk [00:20,  1.26chunk/s]
scan labevents.csv.gz: 26chunk [00:20,  1.26chunk/s]
scan labevents.csv.gz: 27chunk [00:21,  1.26chunk/s]
scan labevents.csv.gz: 28chunk [00:22,  1.26chunk/s]
scan labevents.csv.gz: 29chunk [00:23,  1.25chunk/s]
scan labevents.csv.gz: 30chunk [00:24,  1.25chunk/s]
scan labevents.csv.gz: 31chunk [00:24,  1.24chunk/s]
scan labevents.csv.gz: 32chunk [00:25,  1.24chunk/s]
scan labevents.csv.gz: 33chunk [00:26,  1.21chunk/s]
scan labevents.csv.gz: 34chunk [00:27,  1.22chunk/s]
scan labevents.csv.gz: 35chunk [00:28,  1.22chunk/s]
scan labevents.csv.gz: 36chunk [00:29,  1.22chunk/s]
scan labevents.csv.gz: 37chunk [00:29,  1.21chunk/s]
scan labevents.csv.gz: 38chunk [00:30,  1.20chunk/s]
scan labevents.csv.gz: 39chunk [00:31,  1.19chunk/s]
scan labevents.csv.gz: 40chunk [00:32,  1.17chunk/s]
scan labevents.csv.gz: 41chunk [00:33,  1.19chunk/s]
scan labevents.csv.gz: 42chunk [00:34,  1.19chunk/s]
scan labevents.csv.gz: 43chunk [00:34,  1.20chunk/s]
scan labevents.csv.gz: 44chunk [00:35,  1.20chunk/s]
scan labevents.csv.gz: 45chunk [00:36,  1.21chunk/s]
scan labevents.csv.gz: 46chunk [00:37,  1.22chunk/s]
scan labevents.csv.gz: 47chunk [00:38,  1.23chunk/s]
scan labevents.csv.gz: 48chunk [00:38,  1.23chunk/s]
scan labevents.csv.gz: 49chunk [00:39,  1.24chunk/s]
scan labevents.csv.gz: 50chunk [00:40,  1.24chunk/s]
scan labevents.csv.gz: 51chunk [00:41,  1.24chunk/s]
scan labevents.csv.gz: 52chunk [00:42,  1.24chunk/s]
scan labevents.csv.gz: 53chunk [00:42,  1.24chunk/s]
scan labevents.csv.gz: 54chunk [00:43,  1.25chunk/s]
scan labevents.csv.gz: 55chunk [00:44,  1.25chunk/s]
scan labevents.csv.gz: 56chunk [00:45,  1.24chunk/s]
scan labevents.csv.gz: 57chunk [00:46,  1.25chunk/s]
scan labevents.csv.gz: 58chunk [00:46,  1.24chunk/s]
scan labevents.csv.gz: 59chunk [00:47,  1.25chunk/s]
scan labevents.csv.gz: 60chunk [00:48,  1.26chunk/s]
scan labevents.csv.gz: 61chunk [00:49,  1.26chunk/s]
scan labevents.csv.gz: 62chunk [00:50,  1.25chunk/s]
scan labevents.csv.gz: 63chunk [00:50,  1.26chunk/s]
scan labevents.csv.gz: 64chunk [00:51,  1.25chunk/s]
scan labevents.csv.gz: 65chunk [00:52,  1.25chunk/s]
scan labevents.csv.gz: 66chunk [00:53,  1.25chunk/s]
scan labevents.csv.gz: 67chunk [00:54,  1.24chunk/s]
scan labevents.csv.gz: 68chunk [00:54,  1.25chunk/s]
scan labevents.csv.gz: 69chunk [00:55,  1.24chunk/s]
scan labevents.csv.gz: 70chunk [00:56,  1.24chunk/s]
scan labevents.csv.gz: 71chunk [00:57,  1.24chunk/s]
scan labevents.csv.gz: 72chunk [00:58,  1.23chunk/s]
scan labevents.csv.gz: 73chunk [00:59,  1.23chunk/s]
scan labevents.csv.gz: 74chunk [00:59,  1.23chunk/s]
scan labevents.csv.gz: 75chunk [01:00,  1.23chunk/s]
scan labevents.csv.gz: 76chunk [01:01,  1.23chunk/s]
scan labevents.csv.gz: 77chunk [01:02,  1.23chunk/s]
scan labevents.csv.gz: 78chunk [01:03,  1.23chunk/s]
scan labevents.csv.gz: 79chunk [01:04,  1.18chunk/s]
scan labevents.csv.gz: 80chunk [01:04,  1.56chunk/s]
scan labevents.csv.gz: 80chunk [01:04,  1.25chunk/s]
[01:00:44] utils                        INFO   labevents.csv.gz: scanned 158,374,764 rows
[01:00:44] 07_hourly_panel              INFO   streaming labevents done (64.3s)
[01:00:44] 07_hourly_panel              INFO   folding variables onto hourly grid ...
[01:00:46] 07_hourly_panel              INFO   folding variables onto hourly grid done (2.1s)
[01:00:46] 07_hourly_panel              INFO   unit conversions ...
[01:00:47] 07_hourly_panel              INFO   unit conversions done (0.2s)
[01:00:47] 07_hourly_panel              INFO   binning vasopressors (inputevents) ...
[01:01:02] 07_hourly_panel              INFO   binning vasopressors (inputevents) done (15.0s)
[01:01:02] 07_hourly_panel              INFO   binning urine (outputevents) ...
[01:01:04] 07_hourly_panel              INFO   binning urine (outputevents) done (2.5s)
[01:01:05] 07_hourly_panel              INFO   computing forward-fill + time-since-last ...
[01:01:06] 07_hourly_panel              INFO   computing forward-fill + time-since-last done (0.9s)
[01:01:06] 07_hourly_panel              INFO   ============================================================
[01:01:06] 07_hourly_panel              INFO   hourly_panel: 3,095,002 stay-hours across 65,241 stays (mean 47.4 h/stay)
[01:01:06] 07_hourly_panel              INFO     hourly coverage hr        : 92.1% of hours measured
[01:01:06] 07_hourly_panel              INFO     hourly coverage map       : 86.0% of hours measured
[01:01:06] 07_hourly_panel              INFO     hourly coverage lactate   : 5.2% of hours measured
[01:01:06] 07_hourly_panel              INFO     hourly coverage gcs       : 28.5% of hours measured
[01:01:06] 07_hourly_panel              INFO     hourly coverage pf_ratio  : 1.8% of hours measured
[01:01:07] 07_hourly_panel              INFO   saved 07_hourly_panel.parquet (54.5 MB)
[01:01:07] 07_hourly_panel              INFO   saved 07_hourly_panel_sample.csv (first 40 stays)
[07] exit 0  (258s)

============================================================
[08]  /Library/Frameworks/Python.framework/Versions/3.14/bin/python3 -u /Users/arif/Desktop/RESEARCH/projects/sepsis_mimic4/08_onset_label.py
============================================================
[01:01:07] 08_onset_label               INFO   loading hourly panel + suspected infection + cohort ...
[01:01:08] utils                        INFO   loaded 03_suspected_infection.parquet (26,432 rows, 1.3 MB)
[01:01:08] utils                        INFO   loaded 02_cohort.parquet (65,241 rows, 4.5 MB)
[01:01:08] 08_onset_label               INFO   loading hourly panel + suspected infection + cohort done (0.2s)
[01:01:08] 08_onset_label               INFO   panel: 3,095,002 stay-hours, 65,241 stays
[01:01:08] 08_onset_label               INFO   scoring hourly SOFA ...
[01:01:08] 08_onset_label               INFO   scoring hourly SOFA done (0.7s)
[01:01:08] 08_onset_label               INFO   locating sepsis onset hour ...
[01:01:09] 08_onset_label               INFO   locating sepsis onset hour done (0.2s)
[01:01:09] 08_onset_label               INFO   building stay-level onset summary ...
[01:01:09] 08_onset_label               INFO   building stay-level onset summary done (0.0s)
[01:01:09] 08_onset_label               INFO   ============================================================
[01:01:09] 08_onset_label               INFO   labelled panel: 3,095,002 stay-hours, 65,241 stays
[01:01:09] 08_onset_label               INFO     suspected infection stays: 26,432
[01:01:09] 08_onset_label               INFO     sepsis-3 (onset found): 20,861 (32.0%)
[01:01:09] 08_onset_label               INFO     positive stay-hours: 1,169,343 (37.8%)
[01:01:09] 08_onset_label               INFO     median onset hour (septic): 2h
[01:01:09] 08_onset_label               INFO     competing deaths (no sepsis): 3,138
[01:01:10] 08_onset_label               INFO   saved 08_hourly_labeled.parquet (58.1 MB)
[01:01:10] utils                        INFO   saved 08_onset_summary.parquet (65,241 rows, 12 cols, 1.6 MB)
[01:01:10] 08_onset_label               INFO   exporting R-friendly derived tables ...
[01:01:10] utils                        INFO   saved 08_traj_means.csv (98 rows, 6 cols, 5.3 KB)
[01:01:10] utils                        INFO   saved 08_landmark_h6.parquet (48,829 rows, 25 cols, 1.1 MB)
[01:01:10] utils                        INFO   saved 08_panel_sample_long.parquet (117,648 rows, 11 cols, 601.0 KB)
[01:01:10] 08_onset_label               INFO   exporting R-friendly derived tables done (0.2s)
[08] exit 0  (3s)

============================================================
[09]  Rscript -e rmarkdown::render('09_temporal_report.Rmd')
============================================================


processing file: 09_temporal_report.Rmd
1/33                 
2/33 [setup]         
3/33                 
4/33 [load]          
5/33                 
6/33 [onset-hist]    
7/33                 
8/33 [km]            
9/33                 
10/33 [logrank]       
11/33                 
12/33 [cox-baseline]  
13/33                 
14/33 [tvcox]         
15/33                 
16/33 [cuminc]        
17/33                 
18/33 [acf]           
19/33                 
20/33 [hmm]           
21/33                 
22/33 [hmm-tables]    
23/33                 
24/33 [baselines]     
25/33                 
26/33 [baseline-table]
27/33                 
28/33 [auct]          
29/33                 
30/33 [export-values] 
31/33                 
32/33 [export-figures]
33/33                 
output file: 09_temporal_report.knit.md

/opt/homebrew/bin/pandoc +RTS -K512m -RTS 09_temporal_report.knit.md --to latex --from markdown+autolink_bare_uris+tex_math_single_backslash --output 09_temporal_report.tex --lua-filter /Library/Frameworks/R.framework/Versions/4.5-arm64/Resources/library/bookdown/rmarkdown/lua/custom-environment.lua --lua-filter /Library/Frameworks/R.framework/Versions/4.5-arm64/Resources/library/rmarkdown/rmarkdown/lua/pagebreak.lua --lua-filter /Library/Frameworks/R.framework/Versions/4.5-arm64/Resources/library/rmarkdown/rmarkdown/lua/latex-div.lua --embed-resources --standalone --table-of-contents --toc-depth 3 --number-sections --highlight-style tango --pdf-engine pdflatex --variable graphics --wrap preserve --include-in-header /var/folders/hw/5c3y265s6vn1mwfmmwv2d7w80000gn/T//Rtmpi6x2VX/rmarkdown-str371d26d253cf.html --include-in-header /var/folders/hw/5c3y265s6vn1mwfmmwv2d7w80000gn/T//Rtmpi6x2VX/rmarkdown-str371d3a7c4ef2.html --variable tables=yes --standalone -Mhas-frontmatter=false 
[WARNING] Deprecated: --highlight-style. Use --syntax-highlighting instead.

Output created: 09_temporal_report.pdf
[09] exit 0  (7s)

============================================================
[10]  Rscript -e rmarkdown::render('10_landmark_nomogram.Rmd')
============================================================


processing file: 10_landmark_nomogram.Rmd
1/26                         
2/26 [setup]                 
3/26                         
4/26 [load-libraries]        
5/26                         
6/26 [locate-data]           
7/26                         
8/26 [load-data]             
9/26                         
10/26 [feature-design]        
11/26                         
12/26 [outer-cv]              
13/26                         
14/26 [baseline-models]       
15/26                         
16/26 [metrics]               
17/26                         
18/26 [final-model-coefs]     
19/26                         
20/26 [export-oos-predictions]
21/26                         
22/26 [calibration-curve]     
23/26                         
24/26 [nomogram]              
25/26                         
26/26 [done]                  
output file: 10_landmark_nomogram.knit.md

/opt/homebrew/bin/pandoc +RTS -K512m -RTS 10_landmark_nomogram.knit.md --to latex --from markdown+autolink_bare_uris+tex_math_single_backslash --output 10_landmark_nomogram.tex --lua-filter /Library/Frameworks/R.framework/Versions/4.5-arm64/Resources/library/bookdown/rmarkdown/lua/custom-environment.lua --lua-filter /Library/Frameworks/R.framework/Versions/4.5-arm64/Resources/library/rmarkdown/rmarkdown/lua/pagebreak.lua --lua-filter /Library/Frameworks/R.framework/Versions/4.5-arm64/Resources/library/rmarkdown/rmarkdown/lua/latex-div.lua --embed-resources --standalone --table-of-contents --toc-depth 3 --number-sections --highlight-style tango --pdf-engine pdflatex --variable graphics --wrap preserve --include-in-header /var/folders/hw/5c3y265s6vn1mwfmmwv2d7w80000gn/T//RtmpdUTdyx/rmarkdown-str376f3972b52d.html --variable tables=yes --standalone -Mhas-frontmatter=false 
[WARNING] Deprecated: --highlight-style. Use --syntax-highlighting instead.

Output created: 10_landmark_nomogram.pdf
[10] exit 0  (12s)

============================================================
[11]  /Library/Frameworks/Python.framework/Versions/3.14/bin/python3 -u /Users/arif/Desktop/RESEARCH/projects/sepsis_mimic4/11_landmark_stack.py
============================================================
[01:01:30] 11_landmark_stack            INFO   loading labelled hourly panel + cohort ...
[01:01:30] utils                        INFO   loaded 02_cohort.parquet (65,241 rows, 4.5 MB)
[01:01:30] 11_landmark_stack            INFO   loading labelled hourly panel + cohort done (0.2s)
[01:01:30] 11_landmark_stack            INFO   panel: 3,095,002 stay-hours, 65,241 stays
[01:01:30] 11_landmark_stack            INFO     s= 6h: 48,829 at-risk, 3,330 onset within 12h (6.8%)
[01:01:30] 11_landmark_stack            INFO     s=12h: 44,576 at-risk, 1,369 onset within 12h (3.1%)
[01:01:30] 11_landmark_stack            INFO     s=18h: 39,990 at-risk,   773 onset within 12h (1.9%)
[01:01:30] 11_landmark_stack            INFO     s=24h: 33,610 at-risk,   353 onset within 12h (1.1%)
[01:01:30] 11_landmark_stack            INFO     s=36h: 23,238 at-risk,   232 onset within 12h (1.0%)
[01:01:30] 11_landmark_stack            INFO     s=48h: 16,767 at-risk,   152 onset within 12h (0.9%)
[01:01:30] 11_landmark_stack            INFO   ============================================================
[01:01:30] 11_landmark_stack            INFO   stacked landmark dataset: 207,010 rows across 6 landmarks, 48,829 stays
[01:01:30] utils                        INFO   saved 11_landmark_stack.parquet (207,010 rows, 25 cols, 4.0 MB)
[11] exit 0  (1s)

============================================================
[12]  Rscript -e rmarkdown::render('12_supermodel.Rmd')
============================================================


processing file: 12_supermodel.Rmd
1/22                        
2/22 [setup]                
3/22                        
4/22 [load-libraries]       
5/22                        
6/22 [locate-data]          
7/22                        
8/22 [load-data]            
9/22                        
10/22 [feature-design]       
11/22                        
12/22 [landmark-interactions]
13/22                        
14/22 [patient-grouped-cv]   
15/22                        
16/22 [separate-per-landmark]
17/22                        
18/22 [auc-by-landmark]      
19/22                        
20/22 [auc-figure]           
21/22                        
22/22 [done]                 
output file: 12_supermodel.knit.md

/opt/homebrew/bin/pandoc +RTS -K512m -RTS 12_supermodel.knit.md --to latex --from markdown+autolink_bare_uris+tex_math_single_backslash --output 12_supermodel.tex --lua-filter /Library/Frameworks/R.framework/Versions/4.5-arm64/Resources/library/bookdown/rmarkdown/lua/custom-environment.lua --lua-filter /Library/Frameworks/R.framework/Versions/4.5-arm64/Resources/library/rmarkdown/rmarkdown/lua/pagebreak.lua --lua-filter /Library/Frameworks/R.framework/Versions/4.5-arm64/Resources/library/rmarkdown/rmarkdown/lua/latex-div.lua --embed-resources --standalone --table-of-contents --toc-depth 3 --number-sections --highlight-style tango --pdf-engine pdflatex --variable graphics --wrap preserve --include-in-header /var/folders/hw/5c3y265s6vn1mwfmmwv2d7w80000gn/T//RtmpUJB9y9/rmarkdown-str37902331bf50.html --variable tables=yes --standalone -Mhas-frontmatter=false 
[WARNING] Deprecated: --highlight-style. Use --syntax-highlighting instead.

Output created: 12_supermodel.pdf
[12] exit 0  (171s)

============================================================
[13]  Rscript -e rmarkdown::render('13_repeated_measures.Rmd')
============================================================


processing file: 13_repeated_measures.Rmd
1/14                         
2/14 [setup]                 
3/14                         
4/14 [load-libraries]        
5/14                         
6/14 [load-data]             
7/14                         
8/14 [define-outcome]        
9/14                         
10/14 [standardize-predictors]
11/14                         
12/14 [fit-gee]               
13/14                         
14/14 [fit-tvcox]             
output file: 13_repeated_measures.knit.md

/opt/homebrew/bin/pandoc +RTS -K512m -RTS 13_repeated_measures.knit.md --to latex --from markdown+autolink_bare_uris+tex_math_single_backslash --output 13_repeated_measures.tex --lua-filter /Library/Frameworks/R.framework/Versions/4.5-arm64/Resources/library/bookdown/rmarkdown/lua/custom-environment.lua --lua-filter /Library/Frameworks/R.framework/Versions/4.5-arm64/Resources/library/rmarkdown/rmarkdown/lua/pagebreak.lua --lua-filter /Library/Frameworks/R.framework/Versions/4.5-arm64/Resources/library/rmarkdown/rmarkdown/lua/latex-div.lua --embed-resources --standalone --table-of-contents --toc-depth 3 --number-sections --highlight-style tango --pdf-engine pdflatex --variable graphics --wrap preserve --include-in-header /var/folders/hw/5c3y265s6vn1mwfmmwv2d7w80000gn/T//RtmpH9r30A/rmarkdown-str37c6420b6b8e.html --variable tables=yes --standalone -Mhas-frontmatter=false 
[WARNING] Deprecated: --highlight-style. Use --syntax-highlighting instead.

Output created: 13_repeated_measures.pdf
[13] exit 0  (6s)

============================================================
[14]  /Library/Frameworks/Python.framework/Versions/3.14/bin/python3 -u /Users/arif/Desktop/RESEARCH/projects/sepsis_mimic4/14_realtime_holdout.py
============================================================
[01:04:27] 14_realtime_holdout          INFO   loading labelled hourly panel + cohort ...
[01:04:27] utils                        INFO   loaded 02_cohort.parquet (65,241 rows, 4.5 MB)
[01:04:27] 14_realtime_holdout          INFO   loading labelled hourly panel + cohort done (0.2s)
[01:04:27] 14_realtime_holdout          INFO   holdout sample: 6,000 / 65,241 stays (seed=486649)
[01:04:27] 14_realtime_holdout          INFO   building holdout feature stream ...
[01:04:28] 14_realtime_holdout          INFO   building holdout feature stream done (0.3s)
[01:04:28] 14_realtime_holdout          INFO   ============================================================
[01:04:28] 14_realtime_holdout          INFO   holdout: 6,000 stays, 152,910 stay-hours scored (hours 6..onset/censor)
[01:04:28] utils                        INFO   saved 14_realtime_holdout_features.parquet (152,910 rows, 24 cols, 1.8 MB)
[14] exit 0  (1s)

============================================================
[15]  Rscript -e rmarkdown::render('15_realtime_eval.Rmd')
============================================================


processing file: 15_realtime_eval.Rmd
1/18                        
2/18 [setup]                
3/18                        
4/18 [load-libraries]       
5/18                        
6/18 [load-data]            
7/18                        
8/18 [design-builder]       
9/18                        
10/18 [train-supermodel]     
11/18                        
12/18 [score-holdout]        
13/18                        
14/18 [utility-score]        
15/18                        
16/18 [alarm-sweep]          
17/18                        
18/18 [alarm-tradeoff-figure]
output file: 15_realtime_eval.knit.md

/opt/homebrew/bin/pandoc +RTS -K512m -RTS 15_realtime_eval.knit.md --to latex --from markdown+autolink_bare_uris+tex_math_single_backslash --output 15_realtime_eval.tex --lua-filter /Library/Frameworks/R.framework/Versions/4.5-arm64/Resources/library/bookdown/rmarkdown/lua/custom-environment.lua --lua-filter /Library/Frameworks/R.framework/Versions/4.5-arm64/Resources/library/rmarkdown/rmarkdown/lua/pagebreak.lua --lua-filter /Library/Frameworks/R.framework/Versions/4.5-arm64/Resources/library/rmarkdown/rmarkdown/lua/latex-div.lua --embed-resources --standalone --table-of-contents --toc-depth 3 --number-sections --highlight-style tango --pdf-engine pdflatex --variable graphics --wrap preserve --include-in-header /var/folders/hw/5c3y265s6vn1mwfmmwv2d7w80000gn/T//RtmpZPbtt6/rmarkdown-str37e723c3b200.html --variable tables=yes --standalone -Mhas-frontmatter=false 
[WARNING] Deprecated: --highlight-style. Use --syntax-highlighting instead.

Output created: 15_realtime_eval.pdf
[15] exit 0  (35s)

============================================================
[16]  Rscript -e rmarkdown::render('16_subgroup_fairness.Rmd')
============================================================


processing file: 16_subgroup_fairness.Rmd
1/10                  
2/10 [setup]          
3/10                  
4/10 [load-libraries] 
5/10                  
6/10 [load-data]      
7/10                  
8/10 [define-metrics] 
9/10                  
10/10 [compute-metrics]
output file: 16_subgroup_fairness.knit.md

/opt/homebrew/bin/pandoc +RTS -K512m -RTS 16_subgroup_fairness.knit.md --to latex --from markdown+autolink_bare_uris+tex_math_single_backslash --output 16_subgroup_fairness.tex --lua-filter /Library/Frameworks/R.framework/Versions/4.5-arm64/Resources/library/bookdown/rmarkdown/lua/custom-environment.lua --lua-filter /Library/Frameworks/R.framework/Versions/4.5-arm64/Resources/library/rmarkdown/rmarkdown/lua/pagebreak.lua --lua-filter /Library/Frameworks/R.framework/Versions/4.5-arm64/Resources/library/rmarkdown/rmarkdown/lua/latex-div.lua --embed-resources --standalone --table-of-contents --toc-depth 3 --number-sections --highlight-style tango --pdf-engine pdflatex --variable graphics --wrap preserve --include-in-header /var/folders/hw/5c3y265s6vn1mwfmmwv2d7w80000gn/T//RtmpLUhUyT/rmarkdown-str380750b94489.html --variable tables=yes --standalone -Mhas-frontmatter=false 
[WARNING] Deprecated: --highlight-style. Use --syntax-highlighting instead.

Output created: 16_subgroup_fairness.pdf
[16] exit 0  (1s)
---- No file for prefix 17 ----

============================================================
[18]  Rscript -e rmarkdown::render('18_gbtm_trajectories.Rmd')
============================================================


processing file: 18_gbtm_trajectories.Rmd
1/18                    
2/18 [setup]            
3/18                    
4/18 [load-libraries]   
5/18                    
6/18 [load-data]        
7/18                    
8/18 [build-sample]     
9/18                    
10/18 [fit-gbtm]         
11/18                    
12/18 [class-assignment] 
13/18                    
14/18 [trajectory-plot]  
15/18                    
16/18 [cox-mortality]    
17/18                    
18/18 [onset-association]
output file: 18_gbtm_trajectories.knit.md

/opt/homebrew/bin/pandoc +RTS -K512m -RTS 18_gbtm_trajectories.knit.md --to latex --from markdown+autolink_bare_uris+tex_math_single_backslash --output 18_gbtm_trajectories.tex --lua-filter /Library/Frameworks/R.framework/Versions/4.5-arm64/Resources/library/bookdown/rmarkdown/lua/custom-environment.lua --lua-filter /Library/Frameworks/R.framework/Versions/4.5-arm64/Resources/library/rmarkdown/rmarkdown/lua/pagebreak.lua --lua-filter /Library/Frameworks/R.framework/Versions/4.5-arm64/Resources/library/rmarkdown/rmarkdown/lua/latex-div.lua --embed-resources --standalone --table-of-contents --toc-depth 3 --number-sections --highlight-style tango --pdf-engine pdflatex --variable graphics --wrap preserve --include-in-header /var/folders/hw/5c3y265s6vn1mwfmmwv2d7w80000gn/T//RtmpGhrkbA/rmarkdown-str38242e13009b.html --variable tables=yes --standalone -Mhas-frontmatter=false 
[WARNING] Deprecated: --highlight-style. Use --syntax-highlighting instead.

Output created: 18_gbtm_trajectories.pdf
[18] exit 0  (16s)

============================================================
[19]  Rscript -e rmarkdown::render('19_confounder_adjustment.Rmd')
============================================================


processing file: 19_confounder_adjustment.Rmd
1/24                      
2/24 [setup]              
3/24                      
4/24 [load-libraries]     
5/24                      
6/24 [load-data]          
7/24                      
8/24 [build-cohort]       
9/24                      
10/24 [collapse-covariates]
11/24                      
12/24 [lasso-selection]    
13/24                      
14/24 [crude-estimate]     
15/24                      
16/24 [psm]                
17/24                      
18/24 [balance-diagnostics]
19/24                      
20/24 [ipw]                
21/24                      
22/24 [aipw]               
23/24                      
24/24 [summary-table]      
output file: 19_confounder_adjustment.knit.md

/opt/homebrew/bin/pandoc +RTS -K512m -RTS 19_confounder_adjustment.knit.md --to latex --from markdown+autolink_bare_uris+tex_math_single_backslash --output 19_confounder_adjustment.tex --lua-filter /Library/Frameworks/R.framework/Versions/4.5-arm64/Resources/library/bookdown/rmarkdown/lua/custom-environment.lua --lua-filter /Library/Frameworks/R.framework/Versions/4.5-arm64/Resources/library/rmarkdown/rmarkdown/lua/pagebreak.lua --lua-filter /Library/Frameworks/R.framework/Versions/4.5-arm64/Resources/library/rmarkdown/rmarkdown/lua/latex-div.lua --embed-resources --standalone --table-of-contents --toc-depth 3 --number-sections --highlight-style tango --pdf-engine pdflatex --variable graphics --wrap preserve --include-in-header /var/folders/hw/5c3y265s6vn1mwfmmwv2d7w80000gn/T//RtmpLOKdwE/rmarkdown-str384518272f7.html --variable tables=yes --standalone -Mhas-frontmatter=false 
[WARNING] Deprecated: --highlight-style. Use --syntax-highlighting instead.

Output created: 19_confounder_adjustment.pdf
[19] exit 0  (28s)

============================================================
[20]  Rscript -e rmarkdown::render('20_realtime_model_report.Rmd')
============================================================


processing file: 20_realtime_model_report.Rmd
1/31            
2/31 [setup]    
3/31            
4/31 [t1tab]    
5/31            
6/31 [t1coef]   
7/31            
8/31 [t2tab]    
9/31            
10/31 [auc-s]    
11/31            
12/31 [t3tab-gee]
13/31            
14/31 [t3tab-cox]
15/31            
16/31 [t4tab]    
17/31            
18/31 [alarm]    
19/31            
20/31 [t5tab]    
21/31            
22/31 [gbtm-fig] 
23/31            
24/31 [t6cox]    
25/31            
26/31 [t6onset]  
27/31            
28/31 [t7tab]    
29/31            
30/31 [t7fig]    
31/31            
output file: 20_realtime_model_report.knit.md

/opt/homebrew/bin/pandoc +RTS -K512m -RTS 20_realtime_model_report.knit.md --to latex --from markdown+autolink_bare_uris+tex_math_single_backslash --output 20_realtime_model_report.tex --lua-filter /Library/Frameworks/R.framework/Versions/4.5-arm64/Resources/library/bookdown/rmarkdown/lua/custom-environment.lua --lua-filter /Library/Frameworks/R.framework/Versions/4.5-arm64/Resources/library/rmarkdown/rmarkdown/lua/pagebreak.lua --lua-filter /Library/Frameworks/R.framework/Versions/4.5-arm64/Resources/library/rmarkdown/rmarkdown/lua/latex-div.lua --embed-resources --standalone --table-of-contents --toc-depth 3 --number-sections --highlight-style tango --pdf-engine pdflatex --variable graphics --wrap preserve --include-in-header /var/folders/hw/5c3y265s6vn1mwfmmwv2d7w80000gn/T//RtmpG8r6qS/rmarkdown-str38671c9c5ac.html --include-in-header /var/folders/hw/5c3y265s6vn1mwfmmwv2d7w80000gn/T//RtmpG8r6qS/rmarkdown-str386765d0a01e.html --variable tables=yes --standalone -Mhas-frontmatter=false 
[WARNING] Deprecated: --highlight-style. Use --syntax-highlighting instead.
Warning: LaTeX Warning: `!h' float specifier changed to `!ht'.
Warning: LaTeX Warning: `!h' float specifier changed to `!ht'.
Warning: LaTeX Warning: `!h' float specifier changed to `!ht'.
Warning: LaTeX Warning: `!h' float specifier changed to `!ht'.

Output created: 20_realtime_model_report.pdf
[20] exit 0  (2s)

============================================================
[21]  /Library/Frameworks/Python.framework/Versions/3.14/bin/python3 -u /Users/arif/Desktop/RESEARCH/projects/sepsis_mimic4/21_eicu_external_panel.py
============================================================
[01:05:50] 21_eicu_external_panel       INFO   loading eICU patient table ...
[01:05:50] 21_eicu_external_panel       INFO   loading eICU patient table done (0.2s)
[01:05:50] 21_eicu_external_panel       INFO   raw patient rows: 200,859
[01:05:50] 21_eicu_external_panel       INFO     filter [age >= 18]: 200,859 -> 200,234 (dropped 625, 0.3%)
[01:05:50] 21_eicu_external_panel       INFO     filter [LOS >= 4.0h]: 200,234 -> 188,230 (dropped 12,004, 6.0%)
[01:05:51] 21_eicu_external_panel       INFO     filter [first ICU stay/patient]: 188,230 -> 136,864 (dropped 51,366, 27.3%)
[01:05:51] 21_eicu_external_panel       INFO   eICU cohort: 136,864 stays
[01:05:51] 21_eicu_external_panel       INFO   streaming long hourly measurements ...
[01:05:51] utils                        INFO   streaming vitalPeriodic (heavy) ...

scan vitalPeriodic.csv.gz: 0chunk [00:00, ?chunk/s]
scan vitalPeriodic.csv.gz: 1chunk [00:01,  1.18s/chunk]
scan vitalPeriodic.csv.gz: 2chunk [00:02,  1.17s/chunk]
scan vitalPeriodic.csv.gz: 3chunk [00:03,  1.14s/chunk]
scan vitalPeriodic.csv.gz: 4chunk [00:04,  1.13s/chunk]
scan vitalPeriodic.csv.gz: 5chunk [00:05,  1.15s/chunk]
scan vitalPeriodic.csv.gz: 6chunk [00:06,  1.12s/chunk]
scan vitalPeriodic.csv.gz: 7chunk [00:07,  1.10s/chunk]
scan vitalPeriodic.csv.gz: 8chunk [00:08,  1.09s/chunk]
scan vitalPeriodic.csv.gz: 9chunk [00:10,  1.09s/chunk]
scan vitalPeriodic.csv.gz: 10chunk [00:11,  1.09s/chunk]
scan vitalPeriodic.csv.gz: 11chunk [00:12,  1.11s/chunk]
scan vitalPeriodic.csv.gz: 12chunk [00:13,  1.11s/chunk]
scan vitalPeriodic.csv.gz: 13chunk [00:14,  1.11s/chunk]
scan vitalPeriodic.csv.gz: 14chunk [00:15,  1.13s/chunk]
scan vitalPeriodic.csv.gz: 15chunk [00:16,  1.15s/chunk]
scan vitalPeriodic.csv.gz: 16chunk [00:17,  1.13s/chunk]
scan vitalPeriodic.csv.gz: 17chunk [00:19,  1.11s/chunk]
scan vitalPeriodic.csv.gz: 18chunk [00:20,  1.10s/chunk]
scan vitalPeriodic.csv.gz: 19chunk [00:21,  1.10s/chunk]
scan vitalPeriodic.csv.gz: 20chunk [00:22,  1.08s/chunk]
scan vitalPeriodic.csv.gz: 21chunk [00:23,  1.05s/chunk]
scan vitalPeriodic.csv.gz: 22chunk [00:24,  1.06s/chunk]
scan vitalPeriodic.csv.gz: 23chunk [00:25,  1.06s/chunk]
scan vitalPeriodic.csv.gz: 24chunk [00:26,  1.08s/chunk]
scan vitalPeriodic.csv.gz: 25chunk [00:27,  1.08s/chunk]
scan vitalPeriodic.csv.gz: 26chunk [00:28,  1.08s/chunk]
scan vitalPeriodic.csv.gz: 27chunk [00:29,  1.09s/chunk]
scan vitalPeriodic.csv.gz: 28chunk [00:30,  1.09s/chunk]
scan vitalPeriodic.csv.gz: 29chunk [00:31,  1.10s/chunk]
scan vitalPeriodic.csv.gz: 30chunk [00:34,  1.50s/chunk]
scan vitalPeriodic.csv.gz: 31chunk [00:35,  1.39s/chunk]
scan vitalPeriodic.csv.gz: 32chunk [00:36,  1.32s/chunk]
scan vitalPeriodic.csv.gz: 33chunk [00:37,  1.27s/chunk]
scan vitalPeriodic.csv.gz: 34chunk [00:39,  1.24s/chunk]
scan vitalPeriodic.csv.gz: 35chunk [00:40,  1.21s/chunk]
scan vitalPeriodic.csv.gz: 36chunk [00:41,  1.17s/chunk]
scan vitalPeriodic.csv.gz: 37chunk [00:42,  1.13s/chunk]
scan vitalPeriodic.csv.gz: 38chunk [00:43,  1.11s/chunk]
scan vitalPeriodic.csv.gz: 39chunk [00:44,  1.10s/chunk]
scan vitalPeriodic.csv.gz: 40chunk [00:45,  1.08s/chunk]
scan vitalPeriodic.csv.gz: 41chunk [00:46,  1.07s/chunk]
scan vitalPeriodic.csv.gz: 42chunk [00:47,  1.06s/chunk]
scan vitalPeriodic.csv.gz: 43chunk [00:48,  1.06s/chunk]
scan vitalPeriodic.csv.gz: 44chunk [00:49,  1.06s/chunk]
scan vitalPeriodic.csv.gz: 45chunk [00:50,  1.10s/chunk]
scan vitalPeriodic.csv.gz: 46chunk [00:52,  1.15s/chunk]
scan vitalPeriodic.csv.gz: 47chunk [00:53,  1.16s/chunk]
scan vitalPeriodic.csv.gz: 48chunk [00:54,  1.15s/chunk]
scan vitalPeriodic.csv.gz: 49chunk [00:55,  1.11s/chunk]
scan vitalPeriodic.csv.gz: 49chunk [00:55,  1.13s/chunk]
[01:06:46] utils                        INFO     vitalPeriodic.csv.gz: scanned 146,671,642 rows
[01:06:48] utils                        INFO   streaming vitalAperiodic (noninvasive MAP) ...

scan vitalAperiodic.csv.gz: 0chunk [00:00, ?chunk/s]
scan vitalAperiodic.csv.gz: 1chunk [00:00,  1.88chunk/s]
scan vitalAperiodic.csv.gz: 2chunk [00:01,  1.83chunk/s]
scan vitalAperiodic.csv.gz: 3chunk [00:01,  1.82chunk/s]
scan vitalAperiodic.csv.gz: 4chunk [00:02,  1.82chunk/s]
scan vitalAperiodic.csv.gz: 5chunk [00:02,  1.81chunk/s]
scan vitalAperiodic.csv.gz: 6chunk [00:03,  1.81chunk/s]
scan vitalAperiodic.csv.gz: 7chunk [00:03,  1.84chunk/s]
scan vitalAperiodic.csv.gz: 8chunk [00:04,  1.85chunk/s]
scan vitalAperiodic.csv.gz: 9chunk [00:04,  2.28chunk/s]
scan vitalAperiodic.csv.gz: 9chunk [00:04,  1.97chunk/s]
[01:06:53] utils                        INFO     vitalAperiodic.csv.gz: scanned 25,075,074 rows
[01:06:53] utils                        INFO   streaming nurseCharting for GCS Total + temperature ...

scan nurseCharting.csv.gz: 0chunk [00:00, ?chunk/s]
scan nurseCharting.csv.gz: 1chunk [00:01,  1.24s/chunk]
scan nurseCharting.csv.gz: 2chunk [00:02,  1.22s/chunk]
scan nurseCharting.csv.gz: 3chunk [00:03,  1.21s/chunk]
scan nurseCharting.csv.gz: 4chunk [00:04,  1.20s/chunk]
scan nurseCharting.csv.gz: 5chunk [00:06,  1.20s/chunk]
scan nurseCharting.csv.gz: 6chunk [00:07,  1.21s/chunk]
scan nurseCharting.csv.gz: 7chunk [00:08,  1.20s/chunk]
scan nurseCharting.csv.gz: 8chunk [00:09,  1.19s/chunk]
scan nurseCharting.csv.gz: 9chunk [00:10,  1.20s/chunk]
scan nurseCharting.csv.gz: 10chunk [00:12,  1.20s/chunk]
scan nurseCharting.csv.gz: 11chunk [00:13,  1.19s/chunk]
scan nurseCharting.csv.gz: 12chunk [00:14,  1.18s/chunk]
scan nurseCharting.csv.gz: 13chunk [00:15,  1.17s/chunk]
scan nurseCharting.csv.gz: 14chunk [00:16,  1.18s/chunk]
scan nurseCharting.csv.gz: 15chunk [00:17,  1.19s/chunk]
scan nurseCharting.csv.gz: 16chunk [00:19,  1.22s/chunk]
scan nurseCharting.csv.gz: 17chunk [00:20,  1.24s/chunk]
scan nurseCharting.csv.gz: 18chunk [00:21,  1.24s/chunk]
scan nurseCharting.csv.gz: 19chunk [00:22,  1.22s/chunk]
scan nurseCharting.csv.gz: 20chunk [00:24,  1.23s/chunk]
scan nurseCharting.csv.gz: 21chunk [00:25,  1.23s/chunk]
scan nurseCharting.csv.gz: 22chunk [00:26,  1.24s/chunk]
scan nurseCharting.csv.gz: 23chunk [00:27,  1.25s/chunk]
scan nurseCharting.csv.gz: 24chunk [00:29,  1.30s/chunk]
scan nurseCharting.csv.gz: 25chunk [00:30,  1.31s/chunk]
scan nurseCharting.csv.gz: 26chunk [00:31,  1.30s/chunk]
scan nurseCharting.csv.gz: 27chunk [00:33,  1.28s/chunk]
scan nurseCharting.csv.gz: 28chunk [00:34,  1.28s/chunk]
scan nurseCharting.csv.gz: 29chunk [00:35,  1.27s/chunk]
scan nurseCharting.csv.gz: 30chunk [00:37,  1.31s/chunk]
scan nurseCharting.csv.gz: 31chunk [00:38,  1.27s/chunk]
scan nurseCharting.csv.gz: 32chunk [00:39,  1.25s/chunk]
scan nurseCharting.csv.gz: 33chunk [00:40,  1.23s/chunk]
scan nurseCharting.csv.gz: 34chunk [00:41,  1.22s/chunk]
scan nurseCharting.csv.gz: 35chunk [00:43,  1.20s/chunk]
scan nurseCharting.csv.gz: 36chunk [00:44,  1.21s/chunk]
scan nurseCharting.csv.gz: 37chunk [00:45,  1.21s/chunk]
scan nurseCharting.csv.gz: 38chunk [00:46,  1.22s/chunk]
scan nurseCharting.csv.gz: 39chunk [00:47,  1.22s/chunk]
scan nurseCharting.csv.gz: 40chunk [00:49,  1.23s/chunk]
scan nurseCharting.csv.gz: 41chunk [00:50,  1.22s/chunk]
scan nurseCharting.csv.gz: 42chunk [00:51,  1.20s/chunk]
scan nurseCharting.csv.gz: 43chunk [00:52,  1.21s/chunk]
scan nurseCharting.csv.gz: 44chunk [00:53,  1.21s/chunk]
scan nurseCharting.csv.gz: 45chunk [00:55,  1.21s/chunk]
scan nurseCharting.csv.gz: 46chunk [00:56,  1.23s/chunk]
scan nurseCharting.csv.gz: 47chunk [00:57,  1.22s/chunk]
scan nurseCharting.csv.gz: 48chunk [00:58,  1.20s/chunk]
scan nurseCharting.csv.gz: 49chunk [01:00,  1.21s/chunk]
scan nurseCharting.csv.gz: 50chunk [01:01,  1.21s/chunk]
scan nurseCharting.csv.gz: 51chunk [01:01,  1.05s/chunk]
scan nurseCharting.csv.gz: 51chunk [01:01,  1.21s/chunk]
[01:07:55] utils                        INFO     nurseCharting.csv.gz: scanned 151,604,232 rows
[01:07:56] utils                        INFO   streaming lab table ...

scan lab.csv.gz: 0chunk [00:00, ?chunk/s]
scan lab.csv.gz: 1chunk [00:00,  1.26chunk/s]
scan lab.csv.gz: 2chunk [00:01,  1.27chunk/s]
scan lab.csv.gz: 3chunk [00:02,  1.30chunk/s]
scan lab.csv.gz: 4chunk [00:03,  1.30chunk/s]
scan lab.csv.gz: 5chunk [00:03,  1.29chunk/s]
scan lab.csv.gz: 6chunk [00:04,  1.28chunk/s]
scan lab.csv.gz: 7chunk [00:05,  1.26chunk/s]
scan lab.csv.gz: 8chunk [00:06,  1.26chunk/s]
scan lab.csv.gz: 9chunk [00:07,  1.26chunk/s]
scan lab.csv.gz: 10chunk [00:07,  1.25chunk/s]
scan lab.csv.gz: 11chunk [00:08,  1.25chunk/s]
scan lab.csv.gz: 12chunk [00:09,  1.26chunk/s]
scan lab.csv.gz: 13chunk [00:10,  1.26chunk/s]
scan lab.csv.gz: 14chunk [00:10,  1.35chunk/s]
[01:08:06] utils                        INFO     lab.csv.gz: scanned 39,132,531 rows
[01:08:06] 21_eicu_external_panel       INFO   streaming long hourly measurements done (135.8s)
[01:08:06] 21_eicu_external_panel       INFO   measurements: 27,346,007 rows total
[01:08:06] 21_eicu_external_panel       INFO   folding variables onto hourly grid ...
[01:08:10] 21_eicu_external_panel       INFO   folding variables onto hourly grid done (3.7s)
[01:08:10] 21_eicu_external_panel       INFO   unit conversions ...
[01:08:10] 21_eicu_external_panel       INFO   unit conversions done (0.1s)
[01:08:10] 21_eicu_external_panel       INFO   streaming vasopressors (infusionDrug) ...
[01:08:10] utils                        INFO   streaming infusionDrug for vasopressors ...
[01:08:12] 21_eicu_external_panel       INFO   streaming vasopressors (infusionDrug) done (2.3s)
[01:08:13] 21_eicu_external_panel       INFO   forward-filling core variables ...
[01:08:14] 21_eicu_external_panel       INFO   forward-filling core variables done (0.9s)
[01:08:14] 21_eicu_external_panel       INFO   scoring hourly SOFA + locating onset ...
[01:08:14] 21_eicu_external_panel       INFO   scoring hourly SOFA + locating onset done (0.4s)
[01:08:14] 21_eicu_external_panel       INFO   detecting suspected infection ...
[01:08:14] utils                        INFO   detecting suspected infection (antibiotics +/- culture) ...
[01:08:27] utils                        INFO     stays with >=1 qualifying antibiotic: 39,167
[01:08:27] utils                        INFO     stays with >=1 culture:               2,272
[01:08:27] 21_eicu_external_panel       INFO   detecting suspected infection done (13.0s)
[01:08:28] 21_eicu_external_panel       INFO   building hour-6 landmark table ...
[01:08:28] 21_eicu_external_panel       INFO   building hour-6 landmark table done (0.1s)
[01:08:28] 21_eicu_external_panel       INFO   ============================================================
[01:08:28] 21_eicu_external_panel       INFO   saved 21_landmark_h6_eicu.parquet: 113,597 at-risk stays @ h6, onset-within-12h rate 0.042 (4,782 events)
[01:08:28] 21_eicu_external_panel       INFO     any later onset: 6,025 (0.053)
[21] exit 0  (158s)

============================================================
[22]  Rscript -e rmarkdown::render('22_external_validation.Rmd')
============================================================


processing file: 22_external_validation.Rmd
1/19                   
2/19 [setup]           
3/19                   
4/19 [load]            
5/19                   
6/19 [design]          
7/19                   
8/19 [frozen-score]    
9/19                   
10/19 [metrics]         
11/19                   
12/19 [internal-ceiling]
13/19                   
14/19 [save]            
15/19                   
16/19 [calibration]     
17/19                   
18/19 [show-fig]        
19/19                   
output file: 22_external_validation.knit.md

/opt/homebrew/bin/pandoc +RTS -K512m -RTS 22_external_validation.knit.md --to latex --from markdown+autolink_bare_uris+tex_math_single_backslash --output 22_external_validation.tex --lua-filter /Library/Frameworks/R.framework/Versions/4.5-arm64/Resources/library/bookdown/rmarkdown/lua/custom-environment.lua --lua-filter /Library/Frameworks/R.framework/Versions/4.5-arm64/Resources/library/rmarkdown/rmarkdown/lua/pagebreak.lua --lua-filter /Library/Frameworks/R.framework/Versions/4.5-arm64/Resources/library/rmarkdown/rmarkdown/lua/latex-div.lua --embed-resources --standalone --table-of-contents --toc-depth 3 --number-sections --highlight-style tango --pdf-engine pdflatex --variable graphics --wrap preserve --include-in-header /var/folders/hw/5c3y265s6vn1mwfmmwv2d7w80000gn/T//Rtmp8uWL1h/rmarkdown-str38c951e2f46a.html --variable tables=yes --standalone -Mhas-frontmatter=false 
[WARNING] Deprecated: --highlight-style. Use --syntax-highlighting instead.

Output created: 22_external_validation.pdf
[22] exit 0  (14s)

Pipeline finished: 2026-07-11 01:08:42
All steps completed successfully.
